Date,Location,Longitude,Latitude,PM2.5 (µg/m³),PM10 (µg/m³),Wind Speed (m/s),Wind Direction (degrees)
2019-08-01,Grid_20.0_100.0,100.0,20.0,7.150707137526524,0.0,1.3385926583926295,257.4674465719612
2019-08-01,Grid_20.0_111.7,111.7,20.0,12.631713453004068,0.0,0.0,180.0
2019-08-01,Grid_20.0_123.4,123.4,20.0,2.009665100999314,0.0,0.0,180.0
2019-08-01,Grid_20.0_135.0,135.0,20.0,2.2867068238952015,0.0,0.0,180.0
2019-08-01,Grid_32.5_100.0,100.0,32.5,5.320688778454041,0.0,2.10464837148932,309.3080087688776
2019-08-01,Grid_32.5_111.7,111.7,32.5,35.0700339879495,0.0,1.3587794013416017,81.81971870333535
2019-08-01,Grid_32.5_123.4,123.4,32.5,4.860268187911743,0.0,0.0,180.0
2019-08-01,Grid_32.5_135.0,135.0,32.5,2.577471347464666,0.0,0.0,180.0
2019-08-01,Grid_45.0_100.0,100.0,45.0,10.505085690226679,0.0,1.2598922955522323,284.09886520704345
2019-08-01,Grid_45.0_111.7,111.7,45.0,8.469966061852574,0.0,2.200720365493109,354.67494222593893
2019-08-01,Grid_45.0_123.4,123.4,45.0,9.637009412699626,0.0,0.42682976306461384,196.73456643922202
2019-08-01,Grid_45.0_135.0,135.0,45.0,10.894803281757959,0.0,2.445790354504817,185.38445846499397
2019-08-02,Grid_20.0_100.0,100.0,20.0,6.073803238137998,0.0,2.151231078200675,247.29620661579537
2019-08-02,Grid_20.0_111.7,111.7,20.0,14.236473333539834,0.0,0.0,180.0
2019-08-02,Grid_20.0_123.4,123.4,20.0,2.6521260743095354,0.0,0.0,180.0
2019-08-02,Grid_20.0_135.0,135.0,20.0,2.3826318695796544,0.0,0.0,180.0
2019-08-02,Grid_32.5_100.0,100.0,32.5,3.284750027532368,0.0,1.3153946895468933,108.57853372409073
2019-08-02,Grid_32.5_111.7,111.7,32.5,32.31638956435745,0.0,2.2832047641384765,24.043800101325047
2019-08-02,Grid_32.5_123.4,123.4,32.5,5.400064839733432,0.0,0.0,180.0
2019-08-02,Grid_32.5_135.0,135.0,32.5,2.7780131528487573,0.0,0.0,180.0
2019-08-02,Grid_45.0_100.0,100.0,45.0,17.14529496155137,0.0,1.965267509932554,308.1762928185474
2019-08-02,Grid_45.0_111.7,111.7,45.0,14.19377504419117,0.0,3.37340957636631,12.906360714066182
2019-08-02,Grid_45.0_123.4,123.4,45.0,30.257016447876595,0.0,2.3756982485687215,263.6904159829008
2019-08-02,Grid_45.0_135.0,135.0,45.0,8.949976759708989,0.0,2.298166172455592,154.29993907521373
2019-08-03,Grid_20.0_100.0,100.0,20.0,5.856212403898553,0.0,1.8734317802956848,217.68783673199925
2019-08-03,Grid_20.0_111.7,111.7,20.0,9.450646487607628,0.0,0.0,180.0
2019-08-03,Grid_20.0_123.4,123.4,20.0,2.4165272005660654,0.0,0.0,180.0
2019-08-03,Grid_20.0_135.0,135.0,20.0,4.396381481086564,0.0,0.0,180.0
2019-08-03,Grid_32.5_100.0,100.0,32.5,4.395479979990569,0.0,1.5891698622203034,18.33403394597633
2019-08-03,Grid_32.5_111.7,111.7,32.5,37.39725684681616,0.0,2.074521328785153,29.508640588929183
2019-08-03,Grid_32.5_123.4,123.4,32.5,7.854304762133779,0.0,0.0,180.0
2019-08-03,Grid_32.5_135.0,135.0,32.5,2.904975593409631,0.0,0.0,180.0
2019-08-03,Grid_45.0_100.0,100.0,45.0,20.979381787356033,0.0,0.5360893228313325,169.2115071719597
2019-08-03,Grid_45.0_111.7,111.7,45.0,21.83621994333862,0.0,2.613143360601341,306.1026360634891
2019-08-03,Grid_45.0_123.4,123.4,45.0,27.75970742163736,0.0,2.5749455128211993,269.147924914951
2019-08-03,Grid_45.0_135.0,135.0,45.0,15.279415066515867,0.0,0.561249420643971,192.05556132479578
2019-08-04,Grid_20.0_100.0,100.0,20.0,8.415326213651042,0.0,1.4899637782791215,269.4739788568162
2019-08-04,Grid_20.0_111.7,111.7,20.0,4.929278318854813,0.0,0.0,180.0
2019-08-04,Grid_20.0_123.4,123.4,20.0,2.1437303043825295,0.0,0.0,180.0
2019-08-04,Grid_20.0_135.0,135.0,20.0,7.918329991696282,0.0,0.0,180.0
2019-08-04,Grid_32.5_100.0,100.0,32.5,6.282056208561926,0.0,2.0743244465364428,310.0490464164799
2019-08-04,Grid_32.5_111.7,111.7,32.5,48.7945754912289,0.0,1.2925890516048397,58.5575426114754
2019-08-04,Grid_32.5_123.4,123.4,32.5,7.8039112949568334,0.0,0.0,180.0
2019-08-04,Grid_32.5_135.0,135.0,32.5,4.14025613793001,0.0,0.0,180.0
2019-08-04,Grid_45.0_100.0,100.0,45.0,15.138793330038425,0.0,1.8395344388709742,102.25513466460754
2019-08-04,Grid_45.0_111.7,111.7,45.0,18.559166647946768,0.0,3.4864996394743013,304.9505310923674
2019-08-04,Grid_45.0_123.4,123.4,45.0,18.692478676030078,0.0,4.037723847361748,258.458944321288
2019-08-04,Grid_45.0_135.0,135.0,45.0,12.434754559365047,0.0,1.4931669421130747,205.15752274507733
2019-08-05,Grid_20.0_100.0,100.0,20.0,6.867873825200377,0.0,1.4493138360154205,311.32876694815883
2019-08-05,Grid_20.0_111.7,111.7,20.0,2.754493966250493,0.0,0.0,180.0
2019-08-05,Grid_20.0_123.4,123.4,20.0,1.4973767781256697,0.0,0.0,180.0
2019-08-05,Grid_20.0_135.0,135.0,20.0,8.556304997853204,0.0,0.0,180.0
2019-08-05,Grid_32.5_100.0,100.0,32.5,2.664406695274124,0.0,1.7156088903000364,53.94132368235344
2019-08-05,Grid_32.5_111.7,111.7,32.5,50.37675521180063,0.0,0.9272613945222817,64.12629695730352
2019-08-05,Grid_32.5_123.4,123.4,32.5,5.767300415016052,0.0,0.0,180.0
2019-08-05,Grid_32.5_135.0,135.0,32.5,15.030652278369416,0.0,0.0,180.0
2019-08-05,Grid_45.0_100.0,100.0,45.0,13.57371726129486,0.0,1.1614227387317515,49.74685415677152
2019-08-05,Grid_45.0_111.7,111.7,45.0,13.83290815226701,0.0,1.4149982585546799,146.6136930954877
2019-08-05,Grid_45.0_123.4,123.4,45.0,28.43268553931466,0.0,3.968935397110467,273.4187226374829
2019-08-05,Grid_45.0_135.0,135.0,45.0,11.349539086324967,0.0,0.5358136352051716,164.486495428788
2019-08-06,Grid_20.0_100.0,100.0,20.0,6.730926926934444,0.0,1.6507361230011173,271.6690050160782
2019-08-06,Grid_20.0_111.7,111.7,20.0,6.688832598911176,0.0,0.0,180.0
2019-08-06,Grid_20.0_123.4,123.4,20.0,4.44683312395,0.0,0.0,180.0
2019-08-06,Grid_20.0_135.0,135.0,20.0,9.158113378759936,0.0,0.0,180.0
2019-08-06,Grid_32.5_100.0,100.0,32.5,2.2996970994171306,0.0,1.9077728408298702,24.82898737670598
2019-08-06,Grid_32.5_111.7,111.7,32.5,52.77355441535292,0.0,1.1624862891100747,104.24586934803435
2019-08-06,Grid_32.5_123.4,123.4,32.5,14.964877337320104,0.0,0.0,180.0
2019-08-06,Grid_32.5_135.0,135.0,32.5,6.117039763609,0.0,0.0,180.0
2019-08-06,Grid_45.0_100.0,100.0,45.0,13.534980247698059,0.0,1.5386550600536306,274.1197099775835
2019-08-06,Grid_45.0_111.7,111.7,45.0,10.058864852169336,0.0,4.264987403663074,74.57280528166572
2019-08-06,Grid_45.0_123.4,123.4,45.0,18.665533119133215,0.0,2.7868168417918806,281.7392310543937
2019-08-06,Grid_45.0_135.0,135.0,45.0,10.374698433679441,0.0,0.5195977349865515,310.20775313667895
2019-08-07,Grid_20.0_100.0,100.0,20.0,7.219900677313262,0.0,1.7229208741292283,246.1221614661018
2019-08-07,Grid_20.0_111.7,111.7,20.0,10.177380715958861,0.0,0.0,180.0
2019-08-07,Grid_20.0_123.4,123.4,20.0,9.898968755805981,0.0,0.0,180.0
2019-08-07,Grid_20.0_135.0,135.0,20.0,19.757262492703376,0.0,0.0,180.0
2019-08-07,Grid_32.5_100.0,100.0,32.5,2.8564202114722548,0.0,1.8287777420430762,291.0051365343223
2019-08-07,Grid_32.5_111.7,111.7,32.5,35.2125653080293,0.0,0.4662894227836559,128.96153241711335
2019-08-07,Grid_32.5_123.4,123.4,32.5,11.551621881267238,0.0,0.0,180.0
2019-08-07,Grid_32.5_135.0,135.0,32.5,6.383050532576817,0.0,0.0,180.0
2019-08-07,Grid_45.0_100.0,100.0,45.0,14.785142887774327,0.0,1.8813223942307167,249.28186197730273
2019-08-07,Grid_45.0_111.7,111.7,45.0,7.624306519460333,0.0,1.0277026540722478,63.00786924647288
2019-08-07,Grid_45.0_123.4,123.4,45.0,20.321554217161975,0.0,0.533302953617928,63.09288604679212
2019-08-07,Grid_45.0_135.0,135.0,45.0,6.770743521400391,0.0,0.9057595279104993,276.71083654139056
2019-08-08,Grid_20.0_100.0,100.0,20.0,7.502397814107553,0.0,1.2092636699044037,224.04532154133727
2019-08-08,Grid_20.0_111.7,111.7,20.0,15.232448191682124,0.0,0.0,180.0
2019-08-08,Grid_20.0_123.4,123.4,20.0,14.656150959524439,0.0,0.0,180.0
2019-08-08,Grid_20.0_135.0,135.0,20.0,20.755425822471807,0.0,0.0,180.0
2019-08-08,Grid_32.5_100.0,100.0,32.5,2.205026383705899,0.0,2.5086974675933322,84.73510810310735
2019-08-08,Grid_32.5_111.7,111.7,32.5,34.463525366845715,0.0,1.7579524521289895,47.984594974997066
2019-08-08,Grid_32.5_123.4,123.4,32.5,8.267612372492295,0.0,0.0,180.0
2019-08-08,Grid_32.5_135.0,135.0,32.5,6.020936638151397,0.0,0.0,180.0
2019-08-08,Grid_45.0_100.0,100.0,45.0,15.834784150570158,0.0,0.8655720249178034,199.4557810576321
2019-08-08,Grid_45.0_111.7,111.7,45.0,7.02578972777701,0.0,2.932349627210032,18.681977696419892
2019-08-08,Grid_45.0_123.4,123.4,45.0,12.093874346419398,0.0,3.2876205487993015,132.67169055654253
2019-08-08,Grid_45.0_135.0,135.0,45.0,3.48696316265773,0.0,2.6130664302361253,343.8177360131228
2019-08-09,Grid_20.0_100.0,100.0,20.0,8.336211720916253,0.0,0.6870202007253062,271.7900729110774
2019-08-09,Grid_20.0_111.7,111.7,20.0,14.307616424957814,0.0,0.0,180.0
2019-08-09,Grid_20.0_123.4,123.4,20.0,13.611828997284192,0.0,0.0,180.0
2019-08-09,Grid_20.0_135.0,135.0,20.0,17.393185558489677,0.0,0.0,180.0
2019-08-09,Grid_32.5_100.0,100.0,32.5,3.160723460737813,0.0,2.427131733322296,101.49847323558011
2019-08-09,Grid_32.5_111.7,111.7,32.5,48.93379923487373,0.0,1.3451027491684444,97.35796863852747
2019-08-09,Grid_32.5_123.4,123.4,32.5,16.137319036602094,0.0,0.0,180.0
2019-08-09,Grid_32.5_135.0,135.0,32.5,4.369527406566931,0.0,0.0,180.0
2019-08-09,Grid_45.0_100.0,100.0,45.0,6.940352736961586,0.0,0.8385547351832753,94.19794221563835
2019-08-09,Grid_45.0_111.7,111.7,45.0,8.642333071406938,0.0,1.3893088380699743,5.268253199759755
2019-08-09,Grid_45.0_123.4,123.4,45.0,12.851192110474585,0.0,2.491104198860718,71.27524472996747
2019-08-09,Grid_45.0_135.0,135.0,45.0,18.45540786860056,0.0,3.4748532600977677,319.14311034938066
2019-08-10,Grid_20.0_100.0,100.0,20.0,8.260821360295267,0.0,0.1475750046010151,69.992683172467
2019-08-10,Grid_20.0_111.7,111.7,20.0,10.98166979573989,0.0,0.0,180.0
2019-08-10,Grid_20.0_123.4,123.4,20.0,10.820055962312836,0.0,0.0,180.0
2019-08-10,Grid_20.0_135.0,135.0,20.0,16.687680570726116,0.0,0.0,180.0
2019-08-10,Grid_32.5_100.0,100.0,32.5,4.880276627261537,0.0,1.6014498989214379,78.06838488637136
2019-08-10,Grid_32.5_111.7,111.7,32.5,30.068491696511046,0.0,0.7249445819541414,76.79167069526218
2019-08-10,Grid_32.5_123.4,123.4,32.5,27.601229746210265,0.0,0.0,180.0
2019-08-10,Grid_32.5_135.0,135.0,32.5,3.423509919997514,0.0,0.0,180.0
2019-08-10,Grid_45.0_100.0,100.0,45.0,5.253391943682573,0.0,1.3175006442668176,265.6141135955464
2019-08-10,Grid_45.0_111.7,111.7,45.0,4.649565621406282,0.0,3.6072509907553765,72.09445953584132
2019-08-10,Grid_45.0_123.4,123.4,45.0,14.761129207840895,0.0,2.709723519126322,68.58594389662251
2019-08-10,Grid_45.0_135.0,135.0,45.0,5.651209722401518,0.0,2.667374352829222,302.923891040482
2019-08-11,Grid_20.0_100.0,100.0,20.0,7.234292720426083,0.0,1.555757733959537,285.4939726350477
2019-08-11,Grid_20.0_111.7,111.7,20.0,11.362956797711377,0.0,0.0,180.0
2019-08-11,Grid_20.0_123.4,123.4,20.0,16.695947735456684,0.0,0.0,180.0
2019-08-11,Grid_20.0_135.0,135.0,20.0,17.521815109944328,0.0,0.0,180.0
2019-08-11,Grid_32.5_100.0,100.0,32.5,4.720278834469127,0.0,1.1564751143257606,42.89465389205685
2019-08-11,Grid_32.5_111.7,111.7,32.5,37.37428855288272,0.0,0.3962650932701715,14.839561691236668
2019-08-11,Grid_32.5_123.4,123.4,32.5,42.701859825911015,0.0,0.0,180.0
2019-08-11,Grid_32.5_135.0,135.0,32.5,7.7730488712290935,0.0,0.0,180.0
2019-08-11,Grid_45.0_100.0,100.0,45.0,13.20147191563592,0.0,1.1257731875930286,200.39750113929261
2019-08-11,Grid_45.0_111.7,111.7,45.0,4.12349088207975,0.0,3.371010019348418,34.40919012541312
2019-08-11,Grid_45.0_123.4,123.4,45.0,10.265006622489636,0.0,1.9574864060242585,65.49859696674083
2019-08-11,Grid_45.0_135.0,135.0,45.0,3.815271210072524,0.0,2.0553025288358207,270.1982760271517
2019-08-12,Grid_20.0_100.0,100.0,20.0,8.364250625447767,0.0,1.5699176558642023,263.5729739432394
2019-08-12,Grid_20.0_111.7,111.7,20.0,12.497972434744042,0.0,0.0,180.0
2019-08-12,Grid_20.0_123.4,123.4,20.0,14.82310807432441,0.0,0.0,180.0
2019-08-12,Grid_20.0_135.0,135.0,20.0,20.700850811294913,0.0,0.0,180.0
2019-08-12,Grid_32.5_100.0,100.0,32.5,4.325904967572569,0.0,0.8420158093293167,302.2300292244166
2019-08-12,Grid_32.5_111.7,111.7,32.5,41.94103553345485,0.0,0.5737601246773927,99.12744261894848
2019-08-12,Grid_32.5_123.4,123.4,32.5,39.28125380525671,0.0,0.0,180.0
2019-08-12,Grid_32.5_135.0,135.0,32.5,17.067590007968647,0.0,0.0,180.0
2019-08-12,Grid_45.0_100.0,100.0,45.0,8.827170994152311,0.0,0.7575465982905537,272.1122399927443
2019-08-12,Grid_45.0_111.7,111.7,45.0,5.257788870949298,0.0,2.580167870718693,26.194167053693633
2019-08-12,Grid_45.0_123.4,123.4,45.0,9.628425168273225,0.0,3.698991223225927,58.53346528587237
2019-08-12,Grid_45.0_135.0,135.0,45.0,2.8359423698276487,0.0,0.8141977682494517,198.50796157391107
2019-08-13,Grid_20.0_100.0,100.0,20.0,9.329998995610822,0.0,1.7882494481599867,256.1750562053551
2019-08-13,Grid_20.0_111.7,111.7,20.0,14.623943833669273,0.0,0.0,180.0
2019-08-13,Grid_20.0_123.4,123.4,20.0,13.347558613929777,0.0,0.0,180.0
2019-08-13,Grid_20.0_135.0,135.0,20.0,15.274798315090266,0.0,0.0,180.0
2019-08-13,Grid_32.5_100.0,100.0,32.5,4.496163441558565,0.0,2.3896767066117035,87.1516837560305
2019-08-13,Grid_32.5_111.7,111.7,32.5,49.81771084544562,0.0,1.070313841436024,51.464637808167765
2019-08-13,Grid_32.5_123.4,123.4,32.5,44.16536469875609,0.0,0.0,180.0
2019-08-13,Grid_32.5_135.0,135.0,32.5,27.01092505219549,0.0,0.0,180.0
2019-08-13,Grid_45.0_100.0,100.0,45.0,11.55354301118905,0.0,1.9492468212463712,198.83073122887578
2019-08-13,Grid_45.0_111.7,111.7,45.0,6.334509361494156,0.0,1.3681520621022916,349.87770533972787
2019-08-13,Grid_45.0_123.4,123.4,45.0,13.464998005474627,0.0,3.1355135508800243,72.52537832097708
2019-08-13,Grid_45.0_135.0,135.0,45.0,1.5261626407081508,0.0,2.2322858065701294,302.4934850489391
2019-08-14,Grid_20.0_100.0,100.0,20.0,8.890787661641752,0.0,1.6263229374243666,248.6098471127546
2019-08-14,Grid_20.0_111.7,111.7,20.0,14.191845032485162,0.0,0.0,180.0
2019-08-14,Grid_20.0_123.4,123.4,20.0,11.825811441212863,0.0,0.0,180.0
2019-08-14,Grid_20.0_135.0,135.0,20.0,11.362628171696088,0.0,0.0,180.0
2019-08-14,Grid_32.5_100.0,100.0,32.5,5.0085140479438905,0.0,1.6212477613414804,78.97617804521384
2019-08-14,Grid_32.5_111.7,111.7,32.5,59.1308868536089,0.0,0.7628684259867755,63.81073039594858
2019-08-14,Grid_32.5_123.4,123.4,32.5,27.852989248344784,0.0,0.0,180.0
2019-08-14,Grid_32.5_135.0,135.0,32.5,44.451532232869795,0.0,0.0,180.0
2019-08-14,Grid_45.0_100.0,100.0,45.0,7.203376561903951,0.0,2.767449712435348,127.53408305301389
2019-08-14,Grid_45.0_111.7,111.7,45.0,11.24820592224296,0.0,3.243886159821787,37.56983567039964
2019-08-14,Grid_45.0_123.4,123.4,45.0,14.793751113018061,0.0,2.531851710397953,81.9232088964084
2019-08-14,Grid_45.0_135.0,135.0,45.0,1.6988803697159938,0.0,2.664238605674672,304.11081218392576
2019-08-15,Grid_20.0_100.0,100.0,20.0,8.766125603187902,0.0,1.3813730223811438,242.57821224097827
2019-08-15,Grid_20.0_111.7,111.7,20.0,13.74105984552898,0.0,0.0,180.0
2019-08-15,Grid_20.0_123.4,123.4,20.0,9.73400027248772,0.0,0.0,180.0
2019-08-15,Grid_20.0_135.0,135.0,20.0,6.973292610013004,0.0,0.0,180.0
2019-08-15,Grid_32.5_100.0,100.0,32.5,5.47343326218197,0.0,0.5616546636078107,12.645739151939893
2019-08-15,Grid_32.5_111.7,111.7,32.5,61.693384623140446,0.0,0.5449998279717286,240.44528345836574
2019-08-15,Grid_32.5_123.4,123.4,32.5,19.225350200713365,0.0,0.0,180.0
2019-08-15,Grid_32.5_135.0,135.0,32.5,41.349458967943065,0.0,0.0,180.0
2019-08-15,Grid_45.0_100.0,100.0,45.0,13.632217132908409,0.0,1.8431912816339728,4.830301019118849
2019-08-15,Grid_45.0_111.7,111.7,45.0,11.024103407919483,0.0,4.872608404052929,65.66804307663185
2019-08-15,Grid_45.0_123.4,123.4,45.0,14.4274965308,0.0,3.488286646015972,62.34199947474123
2019-08-15,Grid_45.0_135.0,135.0,45.0,1.374337310622309,0.0,3.41057686537047,332.40041361916275
2019-08-16,Grid_20.0_100.0,100.0,20.0,11.298843638485323,0.0,1.4617497431495152,268.8055939046462
2019-08-16,Grid_20.0_111.7,111.7,20.0,14.802064463026454,0.0,0.0,180.0
2019-08-16,Grid_20.0_123.4,123.4,20.0,10.053128995934912,0.0,0.0,180.0
2019-08-16,Grid_20.0_135.0,135.0,20.0,4.837782618949404,0.0,0.0,180.0
2019-08-16,Grid_32.5_100.0,100.0,32.5,4.739634906769652,0.0,1.3446855870414445,265.658259402521
2019-08-16,Grid_32.5_111.7,111.7,32.5,38.480809649854564,0.0,0.9682141537157805,4.289707660234399
2019-08-16,Grid_32.5_123.4,123.4,32.5,39.69839212913939,0.0,0.0,180.0
2019-08-16,Grid_32.5_135.0,135.0,32.5,17.23338627357407,0.0,0.0,180.0
2019-08-16,Grid_45.0_100.0,100.0,45.0,12.78169303731147,0.0,1.8765729388458765,217.07666103762108
2019-08-16,Grid_45.0_111.7,111.7,45.0,14.655832103471766,0.0,3.470172298628611,101.82251318472608
2019-08-16,Grid_45.0_123.4,123.4,45.0,8.526719774692992,0.0,4.628087537644095,91.0482631216662
2019-08-16,Grid_45.0_135.0,135.0,45.0,1.0016975027227204,0.0,2.6502167995322257,352.17445728391647
2019-08-17,Grid_20.0_100.0,100.0,20.0,10.694884089446077,0.0,1.8405689873661764,264.9691018818803
2019-08-17,Grid_20.0_111.7,111.7,20.0,15.719162860250435,0.0,0.0,180.0
2019-08-17,Grid_20.0_123.4,123.4,20.0,9.145518120590168,0.0,0.0,180.0
2019-08-17,Grid_20.0_135.0,135.0,20.0,3.089051014981692,0.0,0.0,180.0
2019-08-17,Grid_32.5_100.0,100.0,32.5,5.958765481040018,0.0,0.9390745807261892,259.64154163956266
2019-08-17,Grid_32.5_111.7,111.7,32.5,58.809870751019844,0.0,2.5483991845937304,47.47584411657209
2019-08-17,Grid_32.5_123.4,123.4,32.5,36.299297789810225,0.0,0.0,180.0
2019-08-17,Grid_32.5_135.0,135.0,32.5,8.113888227967436,0.0,0.0,180.0
2019-08-17,Grid_45.0_100.0,100.0,45.0,11.794342391624468,0.0,0.3256378568467708,198.01157684957707
2019-08-17,Grid_45.0_111.7,111.7,45.0,11.335780314425392,0.0,0.6108560059928566,180.86472318048737
2019-08-17,Grid_45.0_123.4,123.4,45.0,8.543930896109941,0.0,2.827809794365049,111.52944399348031
2019-08-17,Grid_45.0_135.0,135.0,45.0,1.0911609393815525,0.0,3.255053856722839,302.0783948879336
2019-08-18,Grid_20.0_100.0,100.0,20.0,9.439589554460781,0.0,1.9901013945463653,258.6259142959192
2019-08-18,Grid_20.0_111.7,111.7,20.0,13.308830482117173,0.0,0.0,180.0
2019-08-18,Grid_20.0_123.4,123.4,20.0,6.3956817619725825,0.0,0.0,180.0
2019-08-18,Grid_20.0_135.0,135.0,20.0,1.970601015699458,0.0,0.0,180.0
2019-08-18,Grid_32.5_100.0,100.0,32.5,5.811169767611091,0.0,0.8048535660833267,211.27646685179312
2019-08-18,Grid_32.5_111.7,111.7,32.5,63.18811784922218,0.0,2.389385852795076,3.459870591059513
2019-08-18,Grid_32.5_123.4,123.4,32.5,22.87898936970123,0.0,0.0,180.0
2019-08-18,Grid_32.5_135.0,135.0,32.5,7.336281360181829,0.0,0.0,180.0
2019-08-18,Grid_45.0_100.0,100.0,45.0,12.354467671116254,0.0,2.702821318519226,237.38987881166332
2019-08-18,Grid_45.0_111.7,111.7,45.0,10.687445595181089,0.0,0.7857589920705861,37.36225467312059
2019-08-18,Grid_45.0_123.4,123.4,45.0,15.506424588807022,0.0,0.4946060145362678,58.066034076246666
2019-08-18,Grid_45.0_135.0,135.0,45.0,1.1081698891857172,0.0,2.769140152749044,308.29767492319445
2019-08-19,Grid_20.0_100.0,100.0,20.0,9.180986637602473,0.0,1.7091146100236878,248.14957676863298
2019-08-19,Grid_20.0_111.7,111.7,20.0,14.258239033893005,0.0,0.0,180.0
2019-08-19,Grid_20.0_123.4,123.4,20.0,4.276042631090604,0.0,0.0,180.0
2019-08-19,Grid_20.0_135.0,135.0,20.0,3.378288315758482,0.0,0.0,180.0
2019-08-19,Grid_32.5_100.0,100.0,32.5,3.476579468753016,0.0,0.4112186406982512,293.34705020688295
2019-08-19,Grid_32.5_111.7,111.7,32.5,57.84462686619918,0.0,3.0110944159671056,335.6954964591688
2019-08-19,Grid_32.5_123.4,123.4,32.5,13.689409605888159,0.0,0.0,180.0
2019-08-19,Grid_32.5_135.0,135.0,32.5,3.0885780599732016,0.0,0.0,180.0
2019-08-19,Grid_45.0_100.0,100.0,45.0,18.46784591919004,0.0,3.968829046794106,134.91218553106
2019-08-19,Grid_45.0_111.7,111.7,45.0,13.533655973674286,0.0,1.6405318653077363,347.95479744045764
2019-08-19,Grid_45.0_123.4,123.4,45.0,14.307818929637506,0.0,2.1213877036205218,350.3207344744686
2019-08-19,Grid_45.0_135.0,135.0,45.0,1.6605133934533,0.0,1.6164149252890745,305.10344766501714
2019-08-20,Grid_20.0_100.0,100.0,20.0,9.883407869892835,0.0,0.5888315045323655,251.30459285537302
2019-08-20,Grid_20.0_111.7,111.7,20.0,10.651629800406681,0.0,0.0,180.0
2019-08-20,Grid_20.0_123.4,123.4,20.0,3.4337384047233854,0.0,0.0,180.0
2019-08-20,Grid_20.0_135.0,135.0,20.0,3.6071559073036497,0.0,0.0,180.0
2019-08-20,Grid_32.5_100.0,100.0,32.5,3.2001832295236454,0.0,1.6993768402607328,321.82891914137934
2019-08-20,Grid_32.5_111.7,111.7,32.5,58.45025086159694,0.0,0.9350465610525996,18.78646594263543
2019-08-20,Grid_32.5_123.4,123.4,32.5,16.478686859500158,0.0,0.0,180.0
2019-08-20,Grid_32.5_135.0,135.0,32.5,4.3911589919787275,0.0,0.0,180.0
2019-08-20,Grid_45.0_100.0,100.0,45.0,8.89307827378616,0.0,0.9613306839973341,90.25350480200623
2019-08-20,Grid_45.0_111.7,111.7,45.0,18.563047987640857,0.0,4.886414673417611,134.56650936338315
2019-08-20,Grid_45.0_123.4,123.4,45.0,36.280198401072994,0.0,5.484112393146997,261.7345580115965
2019-08-20,Grid_45.0_135.0,135.0,45.0,2.8406292873484063,0.0,0.40515524879151654,240.03996796425076
2019-08-21,Grid_20.0_100.0,100.0,20.0,7.711158822587549,0.0,0.609671126173826,287.4819114104753
2019-08-21,Grid_20.0_111.7,111.7,20.0,8.008446350515896,0.0,0.0,180.0
2019-08-21,Grid_20.0_123.4,123.4,20.0,2.583493197150233,0.0,0.0,180.0
2019-08-21,Grid_20.0_135.0,135.0,20.0,7.836568727270787,0.0,0.0,180.0
2019-08-21,Grid_32.5_100.0,100.0,32.5,4.015787258282444,0.0,1.4137688574846328,287.0977216481298
2019-08-21,Grid_32.5_111.7,111.7,32.5,67.2367121978823,0.0,2.793475246053353,27.52785376134915
2019-08-21,Grid_32.5_123.4,123.4,32.5,14.112202073590652,0.0,0.0,180.0
2019-08-21,Grid_32.5_135.0,135.0,32.5,4.1301770892232526,0.0,0.0,180.0
2019-08-21,Grid_45.0_100.0,100.0,45.0,13.533237641638607,0.0,2.809369430314699,233.95233004665178
2019-08-21,Grid_45.0_111.7,111.7,45.0,8.083515190548951,0.0,2.622142373719336,137.51381484991217
2019-08-21,Grid_45.0_123.4,123.4,45.0,12.486953693269243,0.0,5.929230865117486,181.55735166115292
2019-08-21,Grid_45.0_135.0,135.0,45.0,1.3607712734398092,0.0,3.1068791555713458,313.1297168208544
2019-08-22,Grid_20.0_100.0,100.0,20.0,7.397919166152178,0.0,0.8308935249467388,272.716432782015
2019-08-22,Grid_20.0_111.7,111.7,20.0,7.766113974128075,0.0,0.0,180.0
2019-08-22,Grid_20.0_123.4,123.4,20.0,2.67639954643073,0.0,0.0,180.0
2019-08-22,Grid_20.0_135.0,135.0,20.0,9.514337762084324,0.0,0.0,180.0
2019-08-22,Grid_32.5_100.0,100.0,32.5,3.9029903753373674,0.0,2.235430185572572,313.02593881374924
2019-08-22,Grid_32.5_111.7,111.7,32.5,62.80767195221415,0.0,1.4627101780826657,57.304845993772176
2019-08-22,Grid_32.5_123.4,123.4,32.5,12.198635879201447,0.0,0.0,180.0
2019-08-22,Grid_32.5_135.0,135.0,32.5,6.693879672781122,0.0,0.0,180.0
2019-08-22,Grid_45.0_100.0,100.0,45.0,15.78561281689872,0.0,2.508761791591493,243.4992097236756
2019-08-22,Grid_45.0_111.7,111.7,45.0,5.572583727797564,0.0,1.4934839761044354,44.09830202594304
2019-08-22,Grid_45.0_123.4,123.4,45.0,7.191280904095265,0.0,4.170105746935798,123.69144608378737
2019-08-22,Grid_45.0_135.0,135.0,45.0,1.186136078246136,0.0,2.2361926141857276,334.4484286892023
2019-08-23,Grid_20.0_100.0,100.0,20.0,9.700691805392125,0.0,0.32002573848999444,279.9189839404754
2019-08-23,Grid_20.0_111.7,111.7,20.0,7.465010831708696,0.0,0.0,180.0
2019-08-23,Grid_20.0_123.4,123.4,20.0,8.61037019461719,0.0,0.0,180.0
2019-08-23,Grid_20.0_135.0,135.0,20.0,6.154940113134444,0.0,0.0,180.0
2019-08-23,Grid_32.5_100.0,100.0,32.5,4.325345859257368,0.0,2.68797426503912,300.6339445589616
2019-08-23,Grid_32.5_111.7,111.7,32.5,77.04120008611426,0.0,1.7498991493032405,30.042852941593395
2019-08-23,Grid_32.5_123.4,123.4,32.5,10.937399430588357,0.0,0.0,180.0
2019-08-23,Grid_32.5_135.0,135.0,32.5,10.036880659924918,0.0,0.0,180.0
2019-08-23,Grid_45.0_100.0,100.0,45.0,16.4174274175366,0.0,2.747828399365698,229.31834850017083
2019-08-23,Grid_45.0_111.7,111.7,45.0,7.858425021822768,0.0,2.301669197337047,292.30496120987425
2019-08-23,Grid_45.0_123.4,123.4,45.0,8.224479763896397,0.0,3.149303958328385,93.56395371266615
2019-08-23,Grid_45.0_135.0,135.0,45.0,1.6062819963025277,0.0,1.9535136194788654,349.1024277891538
2019-08-24,Grid_20.0_100.0,100.0,20.0,10.970438779622782,0.0,0.329856007818891,258.24414978414325
2019-08-24,Grid_20.0_111.7,111.7,20.0,7.45329931106653,0.0,0.0,180.0
2019-08-24,Grid_20.0_123.4,123.4,20.0,8.481227276035952,0.0,0.0,180.0
2019-08-24,Grid_20.0_135.0,135.0,20.0,3.0970368491978206,0.0,0.0,180.0
2019-08-24,Grid_32.5_100.0,100.0,32.5,5.861536589435445,0.0,1.6974758788047513,295.9988645613589
2019-08-24,Grid_32.5_111.7,111.7,32.5,71.77595762186684,0.0,2.0759714231767865,25.127576847907676
2019-08-24,Grid_32.5_123.4,123.4,32.5,14.069858167431448,0.0,0.0,180.0
2019-08-24,Grid_32.5_135.0,135.0,32.5,6.790113360466421,0.0,0.0,180.0
2019-08-24,Grid_45.0_100.0,100.0,45.0,13.351689531759803,0.0,1.5941291368313322,167.54048340090816
2019-08-24,Grid_45.0_111.7,111.7,45.0,15.920470275432308,0.0,4.894784613207389,239.1698634067193
2019-08-24,Grid_45.0_123.4,123.4,45.0,12.2981136385647,0.0,0.25540311986227243,81.17598452384661
2019-08-24,Grid_45.0_135.0,135.0,45.0,3.6400706893147117,0.0,1.2752995848902633,141.36020022036246
2019-08-25,Grid_20.0_100.0,100.0,20.0,12.141577521163072,0.0,0.8779470227697567,279.06814573855183
2019-08-25,Grid_20.0_111.7,111.7,20.0,11.70939256667225,0.0,0.0,180.0
2019-08-25,Grid_20.0_123.4,123.4,20.0,6.4460330406745925,0.0,0.0,180.0
2019-08-25,Grid_20.0_135.0,135.0,20.0,5.17203790906251,0.0,0.0,180.0
2019-08-25,Grid_32.5_100.0,100.0,32.5,4.952657395307369,0.0,1.9349856274662136,265.2627176989609
2019-08-25,Grid_32.5_111.7,111.7,32.5,58.38396432977788,0.0,2.9322624006940115,38.9962690477945
2019-08-25,Grid_32.5_123.4,123.4,32.5,9.290086921964757,0.0,0.0,180.0
2019-08-25,Grid_32.5_135.0,135.0,32.5,7.4131598637450224,0.0,0.0,180.0
2019-08-25,Grid_45.0_100.0,100.0,45.0,8.955855612668984,0.0,1.5882203636625294,135.98312640804235
2019-08-25,Grid_45.0_111.7,111.7,45.0,19.863218625459922,0.0,1.9754273711473165,170.60110118385643
2019-08-25,Grid_45.0_123.4,123.4,45.0,17.449218958631718,0.0,1.790554301590171,276.2303406156281
2019-08-25,Grid_45.0_135.0,135.0,45.0,7.892330344816401,0.0,1.4243284739256827,135.35430118567558
2019-08-26,Grid_20.0_100.0,100.0,20.0,11.954496947907955,0.0,1.3934252378537424,264.9215957606086
2019-08-26,Grid_20.0_111.7,111.7,20.0,6.12589579063183,0.0,0.0,180.0
2019-08-26,Grid_20.0_123.4,123.4,20.0,4.050891178053462,0.0,0.0,180.0
2019-08-26,Grid_20.0_135.0,135.0,20.0,7.353666120479829,0.0,0.0,180.0
2019-08-26,Grid_32.5_100.0,100.0,32.5,5.484625198448612,0.0,0.5128054663992182,59.52463692592555
2019-08-26,Grid_32.5_111.7,111.7,32.5,49.17744078625219,0.0,2.3150908229876523,35.74544872726389
2019-08-26,Grid_32.5_123.4,123.4,32.5,8.939382567518805,0.0,0.0,180.0
2019-08-26,Grid_32.5_135.0,135.0,32.5,7.1512391563999245,0.0,0.0,180.0
2019-08-26,Grid_45.0_100.0,100.0,45.0,5.580339301758386,0.0,0.6187692415271128,83.28675829407662
2019-08-26,Grid_45.0_111.7,111.7,45.0,8.729438505383769,0.0,4.163098754490779,136.58759306267228
2019-08-26,Grid_45.0_123.4,123.4,45.0,29.628779429913266,0.0,2.335785140830359,231.77073260764342
2019-08-26,Grid_45.0_135.0,135.0,45.0,5.0840616161451635,0.0,0.2899324283178322,250.49307322576732
2019-08-27,Grid_20.0_100.0,100.0,20.0,9.612523221846914,0.0,0.17729317572686776,292.8756825123105
2019-08-27,Grid_20.0_111.7,111.7,20.0,4.123523744681279,0.0,0.0,180.0
2019-08-27,Grid_20.0_123.4,123.4,20.0,8.58889759314252,0.0,0.0,180.0
2019-08-27,Grid_20.0_135.0,135.0,20.0,5.5121320841067245,0.0,0.0,180.0
2019-08-27,Grid_32.5_100.0,100.0,32.5,3.6467944219964465,0.0,0.8120088142608138,356.27506482657736
2019-08-27,Grid_32.5_111.7,111.7,32.5,39.23769043012726,0.0,0.8440124593695347,60.33896730543816
2019-08-27,Grid_32.5_123.4,123.4,32.5,31.71632911858069,0.0,0.0,180.0
2019-08-27,Grid_32.5_135.0,135.0,32.5,5.678966630284776,0.0,0.0,180.0
2019-08-27,Grid_45.0_100.0,100.0,45.0,5.590166551883158,0.0,0.287082926580108,302.8901799680509
2019-08-27,Grid_45.0_111.7,111.7,45.0,10.384065163293599,0.0,6.559519791816646,137.36399362305784
2019-08-27,Grid_45.0_123.4,123.4,45.0,8.504793314045855,0.0,2.288811823187407,237.97674846679132
2019-08-27,Grid_45.0_135.0,135.0,45.0,1.6075116793246025,0.0,2.824852482319399,284.49275047093704
2019-08-28,Grid_20.0_100.0,100.0,20.0,11.253903586805336,0.0,0.2099071363963373,56.21837361803111
2019-08-28,Grid_20.0_111.7,111.7,20.0,5.725517393528889,0.0,0.0,180.0
2019-08-28,Grid_20.0_123.4,123.4,20.0,8.404398066375052,0.0,0.0,180.0
2019-08-28,Grid_20.0_135.0,135.0,20.0,3.2952673922892473,0.0,0.0,180.0
2019-08-28,Grid_32.5_100.0,100.0,32.5,2.792994946432259,0.0,0.6563840804670331,8.224803762224525
2019-08-28,Grid_32.5_111.7,111.7,32.5,43.54392402206031,0.0,1.408695148909077,169.94288210857798
2019-08-28,Grid_32.5_123.4,123.4,32.5,15.227033856035632,0.0,0.0,180.0
2019-08-28,Grid_32.5_135.0,135.0,32.5,9.354778285342036,0.0,0.0,180.0
2019-08-28,Grid_45.0_100.0,100.0,45.0,5.821464643673835,0.0,1.075090315279867,304.07380776937975
2019-08-28,Grid_45.0_111.7,111.7,45.0,6.560886500750485,0.0,4.823582277871145,90.45004319192334
2019-08-28,Grid_45.0_123.4,123.4,45.0,11.55949558295788,0.0,2.109473705457999,78.11835337647501
2019-08-28,Grid_45.0_135.0,135.0,45.0,2.214431082947499,0.0,1.9084066972877018,318.2830993849228
2019-08-29,Grid_20.0_100.0,100.0,20.0,10.740686562371593,0.0,0.1855288359603327,94.44952753949494
2019-08-29,Grid_20.0_111.7,111.7,20.0,22.36297547142385,0.0,0.0,180.0
2019-08-29,Grid_20.0_123.4,123.4,20.0,6.314821110464663,0.0,0.0,180.0
2019-08-29,Grid_20.0_135.0,135.0,20.0,2.4359885220093247,0.0,0.0,180.0
2019-08-29,Grid_32.5_100.0,100.0,32.5,2.170737811724166,0.0,1.6316841734618606,330.07413243194594
2019-08-29,Grid_32.5_111.7,111.7,32.5,42.53731233916369,0.0,1.176272936610582,27.026294042259792
2019-08-29,Grid_32.5_123.4,123.4,32.5,17.359250037429774,0.0,0.0,180.0
2019-08-29,Grid_32.5_135.0,135.0,32.5,6.551178710623162,0.0,0.0,180.0
2019-08-29,Grid_45.0_100.0,100.0,45.0,9.612011631077166,0.0,0.796152765609896,165.32808335981764
2019-08-29,Grid_45.0_111.7,111.7,45.0,5.378502532238372,0.0,1.73220011834074,45.43925860624006
2019-08-29,Grid_45.0_123.4,123.4,45.0,7.9716100387372535,0.0,4.301548768467105,94.81481722180656
2019-08-29,Grid_45.0_135.0,135.0,45.0,1.2285428230285333,0.0,2.184520769787705,316.3355181845573
2019-08-30,Grid_20.0_100.0,100.0,20.0,11.692949719588341,0.0,0.991030064698395,77.30729017611928
2019-08-30,Grid_20.0_111.7,111.7,20.0,13.992782932348291,0.0,0.0,180.0
2019-08-30,Grid_20.0_123.4,123.4,20.0,3.4807401405601013,0.0,0.0,180.0
2019-08-30,Grid_20.0_135.0,135.0,20.0,3.670588277771003,0.0,0.0,180.0
2019-08-30,Grid_32.5_100.0,100.0,32.5,1.8626638009777707,0.0,1.0038064133659486,71.22133214327363
2019-08-30,Grid_32.5_111.7,111.7,32.5,57.36907837672334,0.0,2.1730476205752844,328.9096908016846
2019-08-30,Grid_32.5_123.4,123.4,32.5,19.986000410199267,0.0,0.0,180.0
2019-08-30,Grid_32.5_135.0,135.0,32.5,6.882564296262217,0.0,0.0,180.0
2019-08-30,Grid_45.0_100.0,100.0,45.0,9.267933087642177,0.0,1.0368974407997842,322.10874110435486
2019-08-30,Grid_45.0_111.7,111.7,45.0,5.876226172318866,0.0,1.6695403303455871,315.822366163748
2019-08-30,Grid_45.0_123.4,123.4,45.0,9.17480402762294,0.0,3.234485097783055,111.64347058268982
2019-08-30,Grid_45.0_135.0,135.0,45.0,1.2048898545558018,0.0,2.548212275281997,320.52095835887803
2019-08-31,Grid_20.0_100.0,100.0,20.0,9.429455438692003,0.0,0.7588458170796456,4.933132809427207
2019-08-31,Grid_20.0_111.7,111.7,20.0,8.326497713539993,0.0,0.0,180.0
2019-08-31,Grid_20.0_123.4,123.4,20.0,3.4971356921431607,0.0,0.0,180.0
2019-08-31,Grid_20.0_135.0,135.0,20.0,4.273191578363367,0.0,0.0,180.0
2019-08-31,Grid_32.5_100.0,100.0,32.5,2.534213727756196,0.0,1.4736607763176286,76.00537576989291
2019-08-31,Grid_32.5_111.7,111.7,32.5,45.79200307830433,0.0,1.901799807737969,319.92271505939516
2019-08-31,Grid_32.5_123.4,123.4,32.5,8.805163709268982,0.0,0.0,180.0
2019-08-31,Grid_32.5_135.0,135.0,32.5,5.044618056615491,0.0,0.0,180.0
2019-08-31,Grid_45.0_100.0,100.0,45.0,8.291400455107123,0.0,1.7934609877903982,287.60276545687543
2019-08-31,Grid_45.0_111.7,111.7,45.0,8.464835943300386,0.0,1.3410387605539855,337.2814678131831
2019-08-31,Grid_45.0_123.4,123.4,45.0,12.059133247532827,0.0,3.3533329891707684,237.39936229417864
2019-08-31,Grid_45.0_135.0,135.0,45.0,4.165586986459857,0.0,1.7199861797231215,179.0596502644992
