Date,City,Longitude,Latitude,PM2.5 (µg/m³),PM10 (µg/m³),Wind Speed (m/s),Wind Direction (degrees)
2017-07-01,Seoul,126.978,37.5665,44.959929113019825,0.0,2.011351232108953,227.0064802762779
2017-07-01,Tokyo,139.6917,35.6895,30.11838245470244,0.0,1.4253068868295689,231.40778105094228
2017-07-01,Beijing,116.4074,39.9042,114.01928645682347,0.0,1.4104765177041059,284.47628695860465
2017-07-01,Delhi,77.1025,28.7041,49.93292535004912,0.0,1.2733046976584748,344.1182748472164
2017-07-01,Bangkok,100.5018,13.7563,17.59422829650248,0.0,1.8406439582467873,237.5305648440608
2017-07-01,Busan,129.0756,35.1796,6.592313805953154,0.0,4.737194610062816,224.21405387930218
2017-07-01,Daegu,128.5911,35.8704,16.3517928086776,0.0,1.9656783085835619,237.20616099210713
2017-07-01,Osaka,135.5023,34.6937,4.078811510765945,0.0,2.2210092847275806,218.65614759425281
2017-07-01,Nagoya,136.9066,35.1802,16.758441745423625,0.0,0.061041384514586246,321.5747880429295
2017-07-01,Sapporo,141.3545,43.0618,11.126103593994685,0.0,0.6516980266494745,269.42850412991265
2017-07-01,Fukuoka,130.4017,33.5904,4.107945983378158,0.0,2.5930404588292317,236.84143497976208
2017-07-01,Kyoto,135.7681,35.0116,7.030600102098106,0.0,1.5770445116483642,219.7467533541263
2017-07-01,Shanghai,121.4737,31.2304,23.823098160846712,0.0,3.46616290446586,280.9823885374076
2017-07-01,Guangzhou,113.2644,23.1291,27.643503486274312,0.0,3.3438329977768118,274.3221261221532
2017-07-01,Chongqing,106.5516,29.563,126.41064017770987,0.0,0.5912601743199284,50.67598182242668
2017-07-01,Tianjin,117.1902,39.1256,58.947563275069115,0.0,2.9478340603852926,283.7881610493003
2017-07-01,Wuhan,114.3055,30.5928,49.83559165339102,0.0,1.5845593258590402,332.39236338609896
2017-07-01,Nanjing,118.7969,32.0603,52.10547726619552,0.0,2.1555463306368217,288.74667471079084
2017-07-01,Hangzhou,120.1551,30.2741,46.98039646200414,0.0,1.3016241471714731,256.26017162686765
2017-07-01,Chengdu,104.0668,30.5728,138.9991837186244,0.0,0.4389019846858458,350.7850257363933
2017-07-01,Xi'an,108.9355,34.3416,69.56019404924518,0.0,0.794467465442487,342.58889000901104
2017-07-01,Shenyang,123.4291,41.7968,53.86025492271074,0.0,4.100657538481209,259.6037947784371
2017-07-01,Almaty,76.8512,43.222,14.259063263466487,0.0,1.3758955057545716,263.70819436653755
2017-07-01,Bishkek,74.5698,42.8746,14.29773455186023,0.0,1.6688110273011738,261.2588210763536
2017-07-01,Dushanbe,68.7864,38.5481,13.763018280599226,0.0,0.8005695437900999,78.36705073405624
2017-07-01,Kathmandu,85.324,27.7172,7.458061723752962,0.0,0.740834974674085,266.04192214073225
2017-07-01,Yangon,96.1951,16.8409,10.80268408060192,0.0,2.461156201358791,269.0093465223762
2017-07-01,Guwahati,91.7362,26.1445,14.680364479602304,0.0,0.8920995430855929,23.094242668156852
2017-07-01,Ulaanbaatar,106.9057,47.8864,45.98186365001311,0.0,2.9176890830764814,304.56306417504413
2017-07-01,Irkutsk,104.2964,52.2869,120.39585328693647,0.0,2.7238175206113575,301.24328060002443
2017-07-02,Seoul,126.978,37.5665,30.78876531503738,0.0,2.04329830378776,234.83870922025764
2017-07-02,Tokyo,139.6917,35.6895,33.65445166991776,0.0,1.24837532972994,272.52112502947955
2017-07-02,Beijing,116.4074,39.9042,89.90730293589877,0.0,1.4867573639665124,314.5799475110436
2017-07-02,Delhi,77.1025,28.7041,48.79816017933081,0.0,2.3129893045303,342.56863241594226
2017-07-02,Bangkok,100.5018,13.7563,17.64691504035909,0.0,1.7587011735049087,229.47190339806207
2017-07-02,Busan,129.0756,35.1796,7.132950674559879,0.0,5.461320476973982,229.27156251281104
2017-07-02,Daegu,128.5911,35.8704,8.29179214179021,0.0,3.135841815189099,248.47242563751868
2017-07-02,Osaka,135.5023,34.6937,7.170399385358905,0.0,2.1078181702286156,214.82616287890204
2017-07-02,Nagoya,136.9066,35.1802,20.8892014796902,0.0,0.7761197527640162,95.87824703946458
2017-07-02,Sapporo,141.3545,43.0618,11.789161646902357,0.0,1.7386686977357715,121.71308297482116
2017-07-02,Fukuoka,130.4017,33.5904,3.988265717680406,0.0,3.3740260179639345,249.77694995372246
2017-07-02,Kyoto,135.7681,35.0116,11.037605496255765,0.0,1.2959556388664284,214.7200488459594
2017-07-02,Shanghai,121.4737,31.2304,22.671938992857577,0.0,4.359473554371829,273.57978281159103
2017-07-02,Guangzhou,113.2644,23.1291,29.69191115198555,0.0,2.976582265261379,291.53626234350776
2017-07-02,Chongqing,106.5516,29.563,115.5420576992583,0.0,1.1084705407104438,12.649606482380165
2017-07-02,Tianjin,117.1902,39.1256,40.03199194357876,0.0,2.9802055638446516,319.78661625767256
2017-07-02,Wuhan,114.3055,30.5928,49.67577282855018,0.0,1.8008960990267655,292.32835652389525
2017-07-02,Nanjing,118.7969,32.0603,42.38515671772802,0.0,2.7225866330592896,266.89997932046265
2017-07-02,Hangzhou,120.1551,30.2741,39.34079373379973,0.0,1.942827758031448,257.78730289693885
2017-07-02,Chengdu,104.0668,30.5728,140.3491154405856,0.0,0.5141684882240853,200.5972528181221
2017-07-02,Xi'an,108.9355,34.3416,75.59670933687812,0.0,0.55486228652878,339.19985399591593
2017-07-02,Shenyang,123.4291,41.7968,55.91889262746008,0.0,1.4033570529761803,323.21719896869854
2017-07-02,Almaty,76.8512,43.222,16.053380846869914,0.0,1.3717980030236425,273.3593671041958
2017-07-02,Bishkek,74.5698,42.8746,10.403633510236432,0.0,2.0701946848508728,281.9834238564538
2017-07-02,Dushanbe,68.7864,38.5481,14.428634287355635,0.0,0.55694877957719,99.53120434586788
2017-07-02,Kathmandu,85.324,27.7172,8.304621879062779,0.0,0.5798255527661311,296.0664462158877
2017-07-02,Yangon,96.1951,16.8409,11.021563217639141,0.0,2.201724831350764,257.33183909774306
2017-07-02,Guwahati,91.7362,26.1445,14.43184771687811,0.0,1.136721119837611,42.31471846687603
2017-07-02,Ulaanbaatar,106.9057,47.8864,81.59244657690579,0.0,3.3456020585521418,266.2277165547836
2017-07-02,Irkutsk,104.2964,52.2869,64.54751400042369,0.0,0.476781720615344,222.8139892249639
2017-07-03,Seoul,126.978,37.5665,42.34074069131566,0.0,1.785699666361768,219.45736484566928
2017-07-03,Tokyo,139.6917,35.6895,26.966263888539288,0.0,3.469552497246584,246.77056979625507
2017-07-03,Beijing,116.4074,39.9042,83.24886380250973,0.0,1.3900485553396218,339.0721908716864
2017-07-03,Delhi,77.1025,28.7041,64.80280489995494,0.0,0.34830073224604474,281.2860164510631
2017-07-03,Bangkok,100.5018,13.7563,18.683177671618978,0.0,2.2461841679960877,222.55384520770681
2017-07-03,Busan,129.0756,35.1796,7.112528344066504,0.0,5.121650913269323,225.75691977089917
2017-07-03,Daegu,128.5911,35.8704,9.781452980917038,0.0,2.3136480628870215,240.60186401325063
2017-07-03,Osaka,135.5023,34.6937,4.507687112464964,0.0,2.8190742085767893,224.7628907178161
2017-07-03,Nagoya,136.9066,35.1802,20.27933554415995,0.0,1.2050487481424308,205.625687832933
2017-07-03,Sapporo,141.3545,43.0618,7.464539208967835,0.0,0.5601650027040355,303.3524649374415
2017-07-03,Fukuoka,130.4017,33.5904,3.717595564722842,0.0,2.987272257709176,250.43020514468952
2017-07-03,Kyoto,135.7681,35.0116,7.1515855459836075,0.0,2.5700464814301394,218.43787246583054
2017-07-03,Shanghai,121.4737,31.2304,37.80774804340581,0.0,2.826558467202873,269.86656122693853
2017-07-03,Guangzhou,113.2644,23.1291,35.870577619334654,0.0,3.0566027296651717,296.5620238747337
2017-07-03,Chongqing,106.5516,29.563,95.1268930293736,0.0,0.9118220528195218,267.31362841716555
2017-07-03,Tianjin,117.1902,39.1256,37.23746644368475,0.0,2.6452972987238272,333.7954303697012
2017-07-03,Wuhan,114.3055,30.5928,49.703892557317886,0.0,2.186810103835483,302.9106281555301
2017-07-03,Nanjing,118.7969,32.0603,45.19420571114097,0.0,2.357405813193439,245.80743530787612
2017-07-03,Hangzhou,120.1551,30.2741,41.10112428179491,0.0,1.2292201659045083,259.52976017886004
2017-07-03,Chengdu,104.0668,30.5728,117.63174967427403,0.0,1.7935299958711715,213.26983093883007
2017-07-03,Xi'an,108.9355,34.3416,78.95123843582041,0.0,0.6674216406474701,250.4851910355851
2017-07-03,Shenyang,123.4291,41.7968,98.78326068246679,0.0,1.9843423320921472,55.04086128251021
2017-07-03,Almaty,76.8512,43.222,16.93607387664997,0.0,1.5556587012848433,274.0304948861577
2017-07-03,Bishkek,74.5698,42.8746,9.12954778442554,0.0,2.1893938917938933,277.8734500023657
2017-07-03,Dushanbe,68.7864,38.5481,15.076835779836983,0.0,0.5588399511362089,115.09449448276136
2017-07-03,Kathmandu,85.324,27.7172,8.26490165195537,0.0,0.5099183171310647,274.88070431480816
2017-07-03,Yangon,96.1951,16.8409,12.959036510551414,0.0,2.023748447292214,236.94186438935094
2017-07-03,Guwahati,91.7362,26.1445,14.448326979277226,0.0,0.936450493287884,37.99281814815234
2017-07-03,Ulaanbaatar,106.9057,47.8864,35.85904551073327,0.0,1.8268954272257354,180.0106078997336
2017-07-03,Irkutsk,104.2964,52.2869,10.046488974069234,0.0,3.10704004798595,136.7509657817889
2017-07-04,Seoul,126.978,37.5665,61.769682702106365,0.0,0.9875187616368436,206.16070789360128
2017-07-04,Tokyo,139.6917,35.6895,19.46752270498564,0.0,0.3113676301166289,256.9017981892488
2017-07-04,Beijing,116.4074,39.9042,101.63262231799308,0.0,0.6902678433379943,15.70330835902621
2017-07-04,Delhi,77.1025,28.7041,114.64771887403913,0.0,3.3948886801387896,177.075723525141
2017-07-04,Bangkok,100.5018,13.7563,18.048046612761937,0.0,1.675199254024496,245.65231979188923
2017-07-04,Busan,129.0756,35.1796,10.559057628256596,0.0,2.5058057392144018,207.85128116791455
2017-07-04,Daegu,128.5911,35.8704,21.16020780817962,0.0,0.9315993191785139,181.76353554020832
2017-07-04,Osaka,135.5023,34.6937,3.822139049702855,0.0,2.3638602898256353,220.7031612475138
2017-07-04,Nagoya,136.9066,35.1802,10.530772698302826,0.0,0.519406381386472,183.71274933339026
2017-07-04,Sapporo,141.3545,43.0618,5.611167974706177,0.0,1.459699300847799,300.9210380025602
2017-07-04,Fukuoka,130.4017,33.5904,3.6528720048778496,0.0,2.1386353691068973,211.4412436383504
2017-07-04,Kyoto,135.7681,35.0116,6.047420342270016,0.0,1.3581727770473235,206.87981766157463
2017-07-04,Shanghai,121.4737,31.2304,54.865505916268376,0.0,2.226533484887354,248.13665524900426
2017-07-04,Guangzhou,113.2644,23.1291,42.9398490098265,0.0,2.6038249789685484,312.78941047080616
2017-07-04,Chongqing,106.5516,29.563,106.34137481702055,0.0,1.030341856140418,352.5663116409863
2017-07-04,Tianjin,117.1902,39.1256,39.75534568212424,0.0,2.3582048740505654,348.01464232884507
2017-07-04,Wuhan,114.3055,30.5928,47.93996666307976,0.0,2.4882963677434153,300.86462183310516
2017-07-04,Nanjing,118.7969,32.0603,49.081823050300954,0.0,2.3299024172067266,253.74977036533522
2017-07-04,Hangzhou,120.1551,30.2741,38.216846576233365,0.0,1.1651403834690366,253.18774611819447
2017-07-04,Chengdu,104.0668,30.5728,115.20850762281043,0.0,1.1614518777448286,131.0470820561973
2017-07-04,Xi'an,108.9355,34.3416,67.04960497927459,0.0,1.020215742093977,327.56238514573533
2017-07-04,Shenyang,123.4291,41.7968,74.5470458696218,0.0,2.155110413124097,25.23401093463869
2017-07-04,Almaty,76.8512,43.222,14.55541731587573,0.0,1.3543508410793055,292.5306023896629
2017-07-04,Bishkek,74.5698,42.8746,8.892462766141307,0.0,1.9244267386863803,287.5610654492078
2017-07-04,Dushanbe,68.7864,38.5481,15.35990712397961,0.0,0.34217926007227556,74.20604306375405
2017-07-04,Kathmandu,85.324,27.7172,7.804030310865073,0.0,0.7040927422704416,294.36942515397965
2017-07-04,Yangon,96.1951,16.8409,12.463255316674804,0.0,1.900212233672617,244.50484208839407
2017-07-04,Guwahati,91.7362,26.1445,15.863646396496733,0.0,0.7479490486399033,34.7517637905367
2017-07-04,Ulaanbaatar,106.9057,47.8864,5.063128138971251,0.0,2.9634514800761727,149.99952467043894
2017-07-04,Irkutsk,104.2964,52.2869,5.394761082300192,0.0,2.789806569923238,156.71554795315575
2017-07-05,Seoul,126.978,37.5665,98.08466927552217,0.0,0.6154671974138601,210.8569225425986
2017-07-05,Tokyo,139.6917,35.6895,16.160146998345226,0.0,1.579710617216221,64.94948154791682
2017-07-05,Beijing,116.4074,39.9042,96.63897060363524,0.0,1.0772981933052503,347.43230435779134
2017-07-05,Delhi,77.1025,28.7041,160.4393133902704,0.0,2.39168977422573,181.0819938977295
2017-07-05,Bangkok,100.5018,13.7563,17.13816466519802,0.0,1.8788054429858945,245.11917735009348
2017-07-05,Busan,129.0756,35.1796,16.27419621286208,0.0,1.3841850126124424,281.23417120500716
2017-07-05,Daegu,128.5911,35.8704,30.30459438946309,0.0,0.6688759254333173,292.88024405538084
2017-07-05,Osaka,135.5023,34.6937,5.883940890072381,0.0,0.37863909767529497,205.54659550817465
2017-07-05,Nagoya,136.9066,35.1802,15.812501530376721,0.0,2.0136249694886614,154.32998943766768
2017-07-05,Sapporo,141.3545,43.0618,8.978391363712035,0.0,1.1887862987983324,126.69438185575692
2017-07-05,Fukuoka,130.4017,33.5904,3.423550998249425,0.0,1.6960373497593801,231.23226317418766
2017-07-05,Kyoto,135.7681,35.0116,9.852930915599245,0.0,0.7335652170536093,139.02281523445208
2017-07-05,Shanghai,121.4737,31.2304,45.724494412979766,0.0,1.8489410841908505,268.0746031678132
2017-07-05,Guangzhou,113.2644,23.1291,41.62907174531938,0.0,2.983771840141795,333.2967380028218
2017-07-05,Chongqing,106.5516,29.563,46.050832480659665,0.0,2.6397945940717924,327.99781726102367
2017-07-05,Tianjin,117.1902,39.1256,56.3688544730212,0.0,2.0263965067385503,317.5841422373355
2017-07-05,Wuhan,114.3055,30.5928,41.552194574023815,0.0,2.9520666459591354,294.47858409399305
2017-07-05,Nanjing,118.7969,32.0603,50.47311901762441,0.0,1.975406110012556,273.79866933020645
2017-07-05,Hangzhou,120.1551,30.2741,47.16041601682264,0.0,1.1438254643426966,268.8428476843302
2017-07-05,Chengdu,104.0668,30.5728,86.20322944352665,0.0,2.593020814586866,85.29215813280797
2017-07-05,Xi'an,108.9355,34.3416,70.59711037982197,0.0,0.7372497070141467,257.4964559923194
2017-07-05,Shenyang,123.4291,41.7968,82.21742575642565,0.0,0.6771963210664851,269.4192527228479
2017-07-05,Almaty,76.8512,43.222,15.375889006463694,0.0,1.7057218542882635,269.2185964505255
2017-07-05,Bishkek,74.5698,42.8746,7.890912812058559,0.0,2.674973605964043,265.61733634700073
2017-07-05,Dushanbe,68.7864,38.5481,16.13300248948235,0.0,0.05703852112184856,88.1884856121753
2017-07-05,Kathmandu,85.324,27.7172,7.1978196736210975,0.0,0.8804467345673466,310.7709370116014
2017-07-05,Yangon,96.1951,16.8409,11.201301219898596,0.0,1.6857058792063864,262.78551054804814
2017-07-05,Guwahati,91.7362,26.1445,17.311171163214567,0.0,1.072120499650947,42.781818023247524
2017-07-05,Ulaanbaatar,106.9057,47.8864,26.08615190524688,0.0,0.3669437128216267,326.15990263710455
2017-07-05,Irkutsk,104.2964,52.2869,9.04483954400348,0.0,1.6427496079956954,303.51258510861385
2017-07-06,Seoul,126.978,37.5665,65.5743050970159,0.0,1.1412397023132241,258.33302513232536
2017-07-06,Tokyo,139.6917,35.6895,18.426902670398704,0.0,1.2255314831098258,290.9178457965804
2017-07-06,Beijing,116.4074,39.9042,66.47278638638454,0.0,1.1599975416526227,322.001780274347
2017-07-06,Delhi,77.1025,28.7041,164.88600351749483,0.0,0.40270733414996934,209.5010405760284
2017-07-06,Bangkok,100.5018,13.7563,13.791479958058517,0.0,2.2204393723368456,240.65977759846064
2017-07-06,Busan,129.0756,35.1796,13.06031194303614,0.0,2.726411685089359,230.71488553811525
2017-07-06,Daegu,128.5911,35.8704,21.74413893385463,0.0,1.5935791237999268,255.0584124047363
2017-07-06,Osaka,135.5023,34.6937,9.622731944602947,0.0,1.1022006537712987,213.14294389778107
2017-07-06,Nagoya,136.9066,35.1802,25.429381267372264,0.0,0.5781894610621308,167.35192476002146
2017-07-06,Sapporo,141.3545,43.0618,11.035717228935482,0.0,0.4746002167760143,164.24826945313472
2017-07-06,Fukuoka,130.4017,33.5904,3.4689413563882,0.0,1.9354874237351574,253.38547093598257
2017-07-06,Kyoto,135.7681,35.0116,14.936681225208304,0.0,0.9154826693023957,179.80044934933798
2017-07-06,Shanghai,121.4737,31.2304,36.223237742660785,0.0,3.84597401746903,271.4678761977556
2017-07-06,Guangzhou,113.2644,23.1291,39.05172363261045,0.0,2.7513205257317845,328.97964061516194
2017-07-06,Chongqing,106.5516,29.563,65.17676354178548,0.0,1.5265076435442348,254.5091966618744
2017-07-06,Tianjin,117.1902,39.1256,50.335152934621874,0.0,1.756822709995838,294.87034630127386
2017-07-06,Wuhan,114.3055,30.5928,32.76498716786591,0.0,4.137766674573,268.23742283222117
2017-07-06,Nanjing,118.7969,32.0603,42.975354830332435,0.0,2.7579778225312745,260.61925948799154
2017-07-06,Hangzhou,120.1551,30.2741,41.29475783543057,0.0,2.354470095522364,268.89214115023196
2017-07-06,Chengdu,104.0668,30.5728,90.48539340028583,0.0,2.2192756451618343,80.57307376839121
2017-07-06,Xi'an,108.9355,34.3416,78.78167451735862,0.0,0.4116338565911382,254.8916679710085
2017-07-06,Shenyang,123.4291,41.7968,42.574622938218454,0.0,3.2237143735411586,281.9410223994787
2017-07-06,Almaty,76.8512,43.222,19.309583265680885,0.0,1.5267218446000081,270.11488626827565
2017-07-06,Bishkek,74.5698,42.8746,12.378018610093022,0.0,2.0494105207068665,280.1978373264775
2017-07-06,Dushanbe,68.7864,38.5481,14.987090679596804,0.0,0.31228646773763186,122.5896621104032
2017-07-06,Kathmandu,85.324,27.7172,7.68364216696682,0.0,0.6686192031993116,293.80832295592086
2017-07-06,Yangon,96.1951,16.8409,11.106528141624494,0.0,2.143268939457006,250.29543074597098
2017-07-06,Guwahati,91.7362,26.1445,18.52160025350713,0.0,0.3133192134481211,164.94284640243825
2017-07-06,Ulaanbaatar,106.9057,47.8864,33.60064582125233,0.0,1.3521169444441132,8.292083605367623
2017-07-06,Irkutsk,104.2964,52.2869,74.27907178225723,0.0,1.5233478296088978,296.17480693622093
2017-07-07,Seoul,126.978,37.5665,35.48291616084498,0.0,2.7510540745673215,270.29930888358433
2017-07-07,Tokyo,139.6917,35.6895,43.771674285153495,0.0,2.18040254899369,268.33623093348905
2017-07-07,Beijing,116.4074,39.9042,75.5861719881068,0.0,2.015595121673426,251.57860109993783
2017-07-07,Delhi,77.1025,28.7041,145.43533666255826,0.0,0.4102000886637718,215.24817035735535
2017-07-07,Bangkok,100.5018,13.7563,13.093165662780848,0.0,1.9415035549958632,238.28411724484207
2017-07-07,Busan,129.0756,35.1796,8.724108546687148,0.0,4.134943876934024,236.01297737004322
2017-07-07,Daegu,128.5911,35.8704,12.909104007974292,0.0,2.1845341653027748,255.2252018418008
2017-07-07,Osaka,135.5023,34.6937,7.5780981489970145,0.0,1.6161387527285425,216.3577810651775
2017-07-07,Nagoya,136.9066,35.1802,26.163078814533947,0.0,0.4500217133283665,177.28427088648962
2017-07-07,Sapporo,141.3545,43.0618,11.403746391636105,0.0,0.4980923268702576,155.41402354921723
2017-07-07,Fukuoka,130.4017,33.5904,3.74470277009209,0.0,2.4801624003841303,262.4853811525397
2017-07-07,Kyoto,135.7681,35.0116,12.613199373845418,0.0,1.3482525222107071,218.86144666847713
2017-07-07,Shanghai,121.4737,31.2304,44.66607705921888,0.0,2.903283506693804,254.50869832294137
2017-07-07,Guangzhou,113.2644,23.1291,34.0163275325267,0.0,2.7176804288739667,299.94437600244316
2017-07-07,Chongqing,106.5516,29.563,94.4151778980995,0.0,0.8513117976123086,259.00770686404206
2017-07-07,Tianjin,117.1902,39.1256,39.71342010800072,0.0,3.88053715750064,231.7740862222219
2017-07-07,Wuhan,114.3055,30.5928,37.05756412841765,0.0,2.3949742016960442,273.7033046534317
2017-07-07,Nanjing,118.7969,32.0603,35.440603340930465,0.0,2.3557339486136133,246.74751461625783
2017-07-07,Hangzhou,120.1551,30.2741,32.556968676544784,0.0,2.413688269699293,247.49635186477587
2017-07-07,Chengdu,104.0668,30.5728,114.37219171739343,0.0,0.09902320783698615,254.75729096901796
2017-07-07,Xi'an,108.9355,34.3416,91.6265676664807,0.0,0.4603725480893519,212.81827475581454
2017-07-07,Shenyang,123.4291,41.7968,25.262892222599476,0.0,4.988507964320373,287.0489384334854
2017-07-07,Almaty,76.8512,43.222,20.94991913281774,0.0,1.5150404443595429,294.23587790731386
2017-07-07,Bishkek,74.5698,42.8746,13.354582328872766,0.0,2.0140918727035824,269.7878098449543
2017-07-07,Dushanbe,68.7864,38.5481,13.840293355826816,0.0,0.37206788305158645,110.29969011271614
2017-07-07,Kathmandu,85.324,27.7172,10.736332711758223,0.0,0.636704474035294,306.7240204622592
2017-07-07,Yangon,96.1951,16.8409,11.473167305098286,0.0,2.1891075299231857,251.99176859137293
2017-07-07,Guwahati,91.7362,26.1445,17.320532563758206,0.0,0.8688399128522459,201.52949113735684
2017-07-07,Ulaanbaatar,106.9057,47.8864,18.93122103524547,0.0,4.312333014625478,110.9467413987851
2017-07-07,Irkutsk,104.2964,52.2869,15.436244282795997,0.0,2.2420150900257507,149.85684726837667
2017-07-08,Seoul,126.978,37.5665,51.013113733233695,0.0,1.8810283816770308,244.3300175946144
2017-07-08,Tokyo,139.6917,35.6895,44.513402741586106,0.0,3.269048670827104,261.6752533622198
2017-07-08,Beijing,116.4074,39.9042,154.28862809585553,0.0,0.44895248100847585,70.79432709554692
2017-07-08,Delhi,77.1025,28.7041,153.81206708298123,0.0,1.851964515923539,171.410895317592
2017-07-08,Bangkok,100.5018,13.7563,15.19792647286522,0.0,1.612302414588149,244.08211911823128
2017-07-08,Busan,129.0756,35.1796,10.774264147528356,0.0,3.753514099435431,224.99613130078012
2017-07-08,Daegu,128.5911,35.8704,19.151658037230845,0.0,1.5710479673721707,249.68145330386608
2017-07-08,Osaka,135.5023,34.6937,8.85634676706104,0.0,1.3775470614021004,213.53658020482965
2017-07-08,Nagoya,136.9066,35.1802,22.30626350296916,0.0,0.7661114386738801,279.7208611852776
2017-07-08,Sapporo,141.3545,43.0618,11.936813315571726,0.0,0.763012334903306,122.3845144139598
2017-07-08,Fukuoka,130.4017,33.5904,4.347602722276633,0.0,2.5282197837911484,250.90172758956305
2017-07-08,Kyoto,135.7681,35.0116,13.32921506502771,0.0,1.1365398207534279,219.75818574702703
2017-07-08,Shanghai,121.4737,31.2304,49.62408439723731,0.0,2.34724132569247,246.6907288165798
2017-07-08,Guangzhou,113.2644,23.1291,32.65161296894803,0.0,2.9506902547506937,289.19742297094405
2017-07-08,Chongqing,106.5516,29.563,85.30290074304503,0.0,0.6425159498149976,210.70384181180955
2017-07-08,Tianjin,117.1902,39.1256,46.140105069980564,0.0,3.54691416691302,245.8000958247327
2017-07-08,Wuhan,114.3055,30.5928,32.22196554020229,0.0,3.521254448107035,276.06714107301184
2017-07-08,Nanjing,118.7969,32.0603,38.95771527595571,0.0,2.770968252182353,254.74765684933362
2017-07-08,Hangzhou,120.1551,30.2741,30.816327267757515,0.0,2.3086453528747675,247.96429544295253
2017-07-08,Chengdu,104.0668,30.5728,104.27431362813877,0.0,1.1077427934554178,263.7994276208756
2017-07-08,Xi'an,108.9355,34.3416,87.17917410194786,0.0,0.2565720060917922,256.55195436201205
2017-07-08,Shenyang,123.4291,41.7968,33.45765264839429,0.0,5.794388555711243,266.82003233020924
2017-07-08,Almaty,76.8512,43.222,18.751510566517027,0.0,1.492653490197734,295.94023657830934
2017-07-08,Bishkek,74.5698,42.8746,12.441427443832254,0.0,2.111106967195784,272.6845928580202
2017-07-08,Dushanbe,68.7864,38.5481,14.488102273446657,0.0,0.644906495286381,113.70147286110387
2017-07-08,Kathmandu,85.324,27.7172,11.536445576609822,0.0,0.663213036929271,286.46651606661794
2017-07-08,Yangon,96.1951,16.8409,9.788886146111508,0.0,2.4731137776380883,270.2588318749517
2017-07-08,Guwahati,91.7362,26.1445,14.809941717430775,0.0,0.8490786293890598,197.16579035631347
2017-07-08,Ulaanbaatar,106.9057,47.8864,5.275546666183573,0.0,4.0541477202498015,117.75880736003352
2017-07-08,Irkutsk,104.2964,52.2869,5.004188619039951,0.0,0.4257193898907405,268.6612894791765
2017-07-09,Seoul,126.978,37.5665,62.340816953110334,0.0,1.856315699871834,273.2691099282288
2017-07-09,Tokyo,139.6917,35.6895,30.099112535708628,0.0,4.190997352215171,265.05495901220365
2017-07-09,Beijing,116.4074,39.9042,150.53039703616378,0.0,0.8330141148190644,242.72238206704367
2017-07-09,Delhi,77.1025,28.7041,132.71896648348047,0.0,2.3553155367052985,172.41261829868506
2017-07-09,Bangkok,100.5018,13.7563,17.780056538185818,0.0,1.7066903570257972,234.8772321622951
2017-07-09,Busan,129.0756,35.1796,10.91567991551301,0.0,4.209785657894314,236.35629385761843
2017-07-09,Daegu,128.5911,35.8704,17.672963537052055,0.0,1.9845677068643934,259.80772233309386
2017-07-09,Osaka,135.5023,34.6937,8.943304763420201,0.0,0.4615586598428541,246.47619876091295
2017-07-09,Nagoya,136.9066,35.1802,15.68488094960685,0.0,0.8967534048066893,286.1810116029905
2017-07-09,Sapporo,141.3545,43.0618,9.202876682934402,0.0,0.148502023057814,317.79842535679177
2017-07-09,Fukuoka,130.4017,33.5904,4.407822551399931,0.0,2.49756483166574,260.54373194941286
2017-07-09,Kyoto,135.7681,35.0116,13.79985015148577,0.0,0.5271495298963967,308.1490386734107
2017-07-09,Shanghai,121.4737,31.2304,47.579788997609285,0.0,4.026710356540922,256.7817207455014
2017-07-09,Guangzhou,113.2644,23.1291,31.89051156482492,0.0,3.3296115204083985,273.9912210696135
2017-07-09,Chongqing,106.5516,29.563,114.83297868153386,0.0,0.8285679909626504,333.72865963332396
2017-07-09,Tianjin,117.1902,39.1256,50.28331173662082,0.0,2.2045956926469272,241.77411534794567
2017-07-09,Wuhan,114.3055,30.5928,28.57832015479289,0.0,3.983799114384701,239.9340834273517
2017-07-09,Nanjing,118.7969,32.0603,31.736416161720626,0.0,3.7971621542039666,246.66823989055644
2017-07-09,Hangzhou,120.1551,30.2741,28.489870018688634,0.0,2.798103428664815,259.77037299032474
2017-07-09,Chengdu,104.0668,30.5728,93.31161265890842,0.0,1.5756945294168134,278.4128686574692
2017-07-09,Xi'an,108.9355,34.3416,108.33560537548692,0.0,0.602631487118321,216.21220639426915
2017-07-09,Shenyang,123.4291,41.7968,26.137307429507928,0.0,5.023835407845578,273.7311719681344
2017-07-09,Almaty,76.8512,43.222,19.064620104813912,0.0,1.5102686016482918,280.88903952807004
2017-07-09,Bishkek,74.5698,42.8746,13.866332082557165,0.0,1.9958688358183576,244.85322503184852
2017-07-09,Dushanbe,68.7864,38.5481,17.105035610143204,0.0,0.5205349110673794,70.79771719002186
2017-07-09,Kathmandu,85.324,27.7172,11.283527889816014,0.0,0.8817248286836927,310.29341502553575
2017-07-09,Yangon,96.1951,16.8409,10.748125944815001,0.0,1.9301987363847548,275.33495943607943
2017-07-09,Guwahati,91.7362,26.1445,15.916528539605679,0.0,0.6376054890456684,184.50234157947742
2017-07-09,Ulaanbaatar,106.9057,47.8864,7.126152556935494,0.0,2.9471640217213166,122.8195591718645
2017-07-09,Irkutsk,104.2964,52.2869,7.827593684339718,0.0,1.7702832592335103,157.60585057404944
2017-07-10,Seoul,126.978,37.5665,53.624972906618495,0.0,2.5455896684201957,231.9389261051806
2017-07-10,Tokyo,139.6917,35.6895,23.226908396623003,0.0,5.680695622482884,262.38699490872693
2017-07-10,Beijing,116.4074,39.9042,129.7735394700794,0.0,0.9659075090494613,204.1084258817135
2017-07-10,Delhi,77.1025,28.7041,93.2340569193002,0.0,1.5477931832114156,183.05340899503113
2017-07-10,Bangkok,100.5018,13.7563,21.62187584531239,0.0,1.3537867283469132,186.6834941323492
2017-07-10,Busan,129.0756,35.1796,9.538188905366951,0.0,6.745258486001932,237.10010946679301
2017-07-10,Daegu,128.5911,35.8704,13.92181925297109,0.0,3.588224274761574,254.85209242308778
2017-07-10,Osaka,135.5023,34.6937,8.623081804159938,0.0,0.8328375520161415,252.33035166471893
2017-07-10,Nagoya,136.9066,35.1802,9.051628779843668,0.0,1.2997813027404488,297.41430484399933
2017-07-10,Sapporo,141.3545,43.0618,7.201031770875943,0.0,1.8302290612455718,302.3986481920175
2017-07-10,Fukuoka,130.4017,33.5904,4.18145518210622,0.0,4.08031424379617,254.8533946166864
2017-07-10,Kyoto,135.7681,35.0116,12.794878934130338,0.0,0.8867771552185111,298.06862311923254
2017-07-10,Shanghai,121.4737,31.2304,63.36443902910105,0.0,2.933933116649013,225.1076742684574
2017-07-10,Guangzhou,113.2644,23.1291,32.96681327924489,0.0,2.633258874658267,277.3432527208192
2017-07-10,Chongqing,106.5516,29.563,134.54599923079513,0.0,0.8024749102864329,28.918895531179032
2017-07-10,Tianjin,117.1902,39.1256,64.24603071764068,0.0,2.374549290925762,222.5184163378639
2017-07-10,Wuhan,114.3055,30.5928,39.078859259689125,0.0,2.8908216868838004,259.9985615059821
2017-07-10,Nanjing,118.7969,32.0603,44.61015379320088,0.0,2.5759367895769762,226.37455629278261
2017-07-10,Hangzhou,120.1551,30.2741,49.263082502193356,0.0,2.4408803258625573,226.75466927780752
2017-07-10,Chengdu,104.0668,30.5728,118.09694200337617,0.0,1.0088743081435454,312.4210327063572
2017-07-10,Xi'an,108.9355,34.3416,105.59827501310792,0.0,0.18917621345111482,332.3549353863663
2017-07-10,Shenyang,123.4291,41.7968,59.08261258014136,0.0,3.0950388107820594,227.99084609893666
2017-07-10,Almaty,76.8512,43.222,32.12417709619331,0.0,1.872732836321975,257.88469759513725
2017-07-10,Bishkek,74.5698,42.8746,28.4050862831009,0.0,1.5332768698147572,267.24290671884216
2017-07-10,Dushanbe,68.7864,38.5481,24.57339220995891,0.0,0.7415833116796413,76.96879658778185
2017-07-10,Kathmandu,85.324,27.7172,9.009933243930845,0.0,0.7861100749307777,319.30775834945837
2017-07-10,Yangon,96.1951,16.8409,12.128587911774957,0.0,1.4488534606424317,242.36918241805512
2017-07-10,Guwahati,91.7362,26.1445,13.745550475618984,0.0,1.6568552172252111,33.74257517455092
2017-07-10,Ulaanbaatar,106.9057,47.8864,8.80632189392827,0.0,1.987703614911283,109.39447435272797
2017-07-10,Irkutsk,104.2964,52.2869,8.225989667209888,0.0,0.4766654601330109,121.08067907283308
2017-07-11,Seoul,126.978,37.5665,71.83682271261205,0.0,2.307778101957608,220.35384591111648
2017-07-11,Tokyo,139.6917,35.6895,18.689910064040305,0.0,6.462670232468609,258.9480211974144
2017-07-11,Beijing,116.4074,39.9042,117.45413530661608,0.0,0.9964289675844542,265.50553008551475
2017-07-11,Delhi,77.1025,28.7041,109.80581777175757,0.0,1.422023007468202,317.7869702236032
2017-07-11,Bangkok,100.5018,13.7563,18.899585896292592,0.0,1.7496300641868112,238.2948921450111
2017-07-11,Busan,129.0756,35.1796,18.13671168804376,0.0,3.222456629440879,211.13805346208562
2017-07-11,Daegu,128.5911,35.8704,33.71855683553804,0.0,1.5258340897502711,201.23017662392618
2017-07-11,Osaka,135.5023,34.6937,7.788931277730171,0.0,1.143479529482821,254.62903348788524
2017-07-11,Nagoya,136.9066,35.1802,8.171858745242844,0.0,1.6303186367414122,288.9555202141232
2017-07-11,Sapporo,141.3545,43.0618,7.98850319227995,0.0,3.2071312949414996,294.17332779054846
2017-07-11,Fukuoka,130.4017,33.5904,5.620354848190345,0.0,2.7243063957334526,244.61263111666844
2017-07-11,Kyoto,135.7681,35.0116,11.317410120170734,0.0,0.9986532918365488,285.45936598046825
2017-07-11,Shanghai,121.4737,31.2304,137.5492928445965,0.0,2.0341404928133495,244.14229935282495
2017-07-11,Guangzhou,113.2644,23.1291,43.935553861729204,0.0,1.9634092628060866,311.1660095735868
2017-07-11,Chongqing,106.5516,29.563,114.56864967840374,0.0,1.4019572597632437,326.1458584775497
2017-07-11,Tianjin,117.1902,39.1256,49.24585894627853,0.0,4.2545492412988075,250.70380333157618
2017-07-11,Wuhan,114.3055,30.5928,42.665668331665074,0.0,3.815617909891016,266.96311196594536
2017-07-11,Nanjing,118.7969,32.0603,47.44796200384371,0.0,2.504912639971733,248.57312080086797
2017-07-11,Hangzhou,120.1551,30.2741,55.05389566451413,0.0,1.6151477131771184,241.91197019733414
2017-07-11,Chengdu,104.0668,30.5728,137.432905944479,0.0,0.7744532745042124,350.760592027884
2017-07-11,Xi'an,108.9355,34.3416,81.34725959507705,0.0,1.050983805678778,313.9005254438074
2017-07-11,Shenyang,123.4291,41.7968,52.18883103452754,0.0,4.874602221199486,249.52769964069498
2017-07-11,Almaty,76.8512,43.222,43.301071173118544,0.0,0.9795170383279943,267.3023982563699
2017-07-11,Bishkek,74.5698,42.8746,31.508978537431176,0.0,1.5157818157805876,253.05695767277928
2017-07-11,Dushanbe,68.7864,38.5481,41.037218068140646,0.0,0.6400395336392773,60.43134109576563
2017-07-11,Kathmandu,85.324,27.7172,8.921338334744178,0.0,0.8017595380697347,318.1744438516439
2017-07-11,Yangon,96.1951,16.8409,10.565062602552189,0.0,1.7727823109413974,234.642088460806
2017-07-11,Guwahati,91.7362,26.1445,14.41232821974836,0.0,2.651420786057383,26.547394950173526
2017-07-11,Ulaanbaatar,106.9057,47.8864,12.739829635677324,0.0,1.3353479013356062,159.74931994752023
2017-07-11,Irkutsk,104.2964,52.2869,8.33515390041839,0.0,0.4761266740326426,198.83109208542
2017-07-12,Seoul,126.978,37.5665,88.83675661763846,0.0,1.3922534297752105,220.75504891685418
2017-07-12,Tokyo,139.6917,35.6895,14.62016019360135,0.0,5.513934845481497,255.5795656180875
2017-07-12,Beijing,116.4074,39.9042,99.74898773634777,0.0,2.256776227842565,271.5157797068796
2017-07-12,Delhi,77.1025,28.7041,64.95933035921553,0.0,2.564911739618709,337.52403193116913
2017-07-12,Bangkok,100.5018,13.7563,15.530998709323285,0.0,1.6205035060678772,245.69664095755684
2017-07-12,Busan,129.0756,35.1796,23.67201723529888,0.0,3.0728929766493662,212.88003858152481
2017-07-12,Daegu,128.5911,35.8704,47.308184036864986,0.0,1.4237163703973572,145.7009530372813
2017-07-12,Osaka,135.5023,34.6937,9.453004601311932,0.0,1.6818430839509442,226.62952778998846
2017-07-12,Nagoya,136.9066,35.1802,13.602701187664934,0.0,0.9995546698441558,308.303575547941
2017-07-12,Sapporo,141.3545,43.0618,9.26410503865327,0.0,0.6772400264305792,207.6664252108093
2017-07-12,Fukuoka,130.4017,33.5904,9.958109892238554,0.0,1.6181339147611051,212.66447725155138
2017-07-12,Kyoto,135.7681,35.0116,16.62519721890021,0.0,1.3042299946040459,247.1671329746993
2017-07-12,Shanghai,121.4737,31.2304,139.28377029515104,0.0,1.7128017148378873,267.02607335092387
2017-07-12,Guangzhou,113.2644,23.1291,55.341477178671994,0.0,1.399527433584026,305.34250694893586
2017-07-12,Chongqing,106.5516,29.563,56.14851872337567,0.0,2.667952017787142,313.03839153245895
2017-07-12,Tianjin,117.1902,39.1256,39.543987639945044,0.0,4.145597762069948,252.69429756827648
2017-07-12,Wuhan,114.3055,30.5928,39.00523992683702,0.0,4.467642903090882,249.31088503019083
2017-07-12,Nanjing,118.7969,32.0603,51.71027694927943,0.0,2.546468225581373,250.13771887655577
2017-07-12,Hangzhou,120.1551,30.2741,52.02856812047685,0.0,1.732574836043912,245.15890053711004
2017-07-12,Chengdu,104.0668,30.5728,130.82005523301632,0.0,1.2953224967245214,49.199480005850205
2017-07-12,Xi'an,108.9355,34.3416,73.74930532932922,0.0,0.8597784067827875,298.99728333054446
2017-07-12,Shenyang,123.4291,41.7968,44.0216929575854,0.0,5.832790938281066,251.36704475211224
2017-07-12,Almaty,76.8512,43.222,35.791760666370465,0.0,0.5404855141790228,262.13823965504594
2017-07-12,Bishkek,74.5698,42.8746,24.455431457681698,0.0,0.377450134653108,140.78377343853077
2017-07-12,Dushanbe,68.7864,38.5481,30.866289080222487,0.0,0.5607043360113592,81.9734536369563
2017-07-12,Kathmandu,85.324,27.7172,13.104284768417074,0.0,0.4233455024415118,270.0942216759154
2017-07-12,Yangon,96.1951,16.8409,8.361507042309313,0.0,1.9855050385819737,262.03576998995106
2017-07-12,Guwahati,91.7362,26.1445,18.68480481448387,0.0,0.6760637622847764,32.49866142920817
2017-07-12,Ulaanbaatar,106.9057,47.8864,31.1967305322014,0.0,2.402396903142245,104.3277886327239
2017-07-12,Irkutsk,104.2964,52.2869,9.007058210386276,0.0,2.1075762018359447,157.06410063671112
2017-07-13,Seoul,126.978,37.5665,73.4712344296895,0.0,1.1808813611730307,234.39853120492984
2017-07-13,Tokyo,139.6917,35.6895,9.985499538345266,0.0,7.660430107727177,258.2560797028962
2017-07-13,Beijing,116.4074,39.9042,120.88645462426939,0.0,1.7396807064893653,271.4949416365855
2017-07-13,Delhi,77.1025,28.7041,45.79255019621087,0.0,3.5526830606838393,351.94066315006535
2017-07-13,Bangkok,100.5018,13.7563,14.960864547219899,0.0,2.206097353735562,220.98635815168495
2017-07-13,Busan,129.0756,35.1796,14.361461353473715,0.0,3.510407716718768,224.51969766900964
2017-07-13,Daegu,128.5911,35.8704,46.39990436317021,0.0,1.1427992251330117,176.38638586559503
2017-07-13,Osaka,135.5023,34.6937,11.353107787215322,0.0,0.9284667839559986,229.79822328410967
2017-07-13,Nagoya,136.9066,35.1802,9.775686038437925,0.0,1.7409080006783575,300.2897889881223
2017-07-13,Sapporo,141.3545,43.0618,12.784187042313988,0.0,2.654115617511404,288.0489450186507
2017-07-13,Fukuoka,130.4017,33.5904,11.162829771649285,0.0,1.5151010473315079,238.60227894928667
2017-07-13,Kyoto,135.7681,35.0116,19.87639919320827,0.0,0.6779729138204822,299.38040664076914
2017-07-13,Shanghai,121.4737,31.2304,165.6863446442003,0.0,1.8159925034906272,270.3818129795792
2017-07-13,Guangzhou,113.2644,23.1291,57.8741179424469,0.0,1.9544887920357257,328.8443608393759
2017-07-13,Chongqing,106.5516,29.563,59.12468736823939,0.0,2.1208303865825586,317.7796116212187
2017-07-13,Tianjin,117.1902,39.1256,37.299304977977954,0.0,3.4267024103352863,258.31324585878866
2017-07-13,Wuhan,114.3055,30.5928,41.557143504178384,0.0,4.067844600837779,255.5362456171451
2017-07-13,Nanjing,118.7969,32.0603,51.68818262291097,0.0,2.4991160083603723,255.56677905741014
2017-07-13,Hangzhou,120.1551,30.2741,45.946691784592986,0.0,1.5225224872321486,240.79456405387012
2017-07-13,Chengdu,104.0668,30.5728,100.57431865106992,0.0,1.373251323597852,57.694906916298294
2017-07-13,Xi'an,108.9355,34.3416,57.33485863856913,0.0,1.036328160923913,273.79884897426376
2017-07-13,Shenyang,123.4291,41.7968,33.46642074575357,0.0,6.1729525465388875,253.10782057532236
2017-07-13,Almaty,76.8512,43.222,34.56634445342388,0.0,0.6266940192031633,104.70502760798047
2017-07-13,Bishkek,74.5698,42.8746,27.636822608201328,0.0,0.320678457616894,92.86266510648369
2017-07-13,Dushanbe,68.7864,38.5481,37.60039390954262,0.0,0.6131221938087618,97.35356783705703
2017-07-13,Kathmandu,85.324,27.7172,14.588313668184583,0.0,0.5300519668271572,290.5347984979114
2017-07-13,Yangon,96.1951,16.8409,7.088922338027714,0.0,1.91187937007474,283.1361717780855
2017-07-13,Guwahati,91.7362,26.1445,15.552105381289039,0.0,0.5698392085548415,197.65727330954195
2017-07-13,Ulaanbaatar,106.9057,47.8864,23.82405561718315,0.0,0.2073200520370696,78.24044750508395
2017-07-13,Irkutsk,104.2964,52.2869,9.45999989454549,0.0,1.2141141707046612,330.2462441450873
2017-07-14,Seoul,126.978,37.5665,47.39848336043906,0.0,1.9218707387252145,244.9772633016836
2017-07-14,Tokyo,139.6917,35.6895,15.289685961761279,0.0,4.984147060749883,266.10664496087156
2017-07-14,Beijing,116.4074,39.9042,102.75500983425445,0.0,1.003803190052744,68.00098179132736
2017-07-14,Delhi,77.1025,28.7041,38.870492602427476,0.0,3.324451712998381,353.5523603728727
2017-07-14,Bangkok,100.5018,13.7563,12.654870928940909,0.0,2.869285525070058,215.93946474747733
2017-07-14,Busan,129.0756,35.1796,11.265781196811986,0.0,3.7147710023598437,228.59991537738534
2017-07-14,Daegu,128.5911,35.8704,30.455247213012626,0.0,1.4597633299153452,229.07648667367204
2017-07-14,Osaka,135.5023,34.6937,9.497177266837298,0.0,0.798076361468439,251.07874097593384
2017-07-14,Nagoya,136.9066,35.1802,12.42639058318673,0.0,1.5354988833871215,296.0192512137505
2017-07-14,Sapporo,141.3545,43.0618,18.762110087777728,0.0,2.6358995108898213,281.38713124289313
2017-07-14,Fukuoka,130.4017,33.5904,7.8364053024415625,0.0,1.8966750496620923,240.58771837303328
2017-07-14,Kyoto,135.7681,35.0116,16.405182989842615,0.0,1.1263975870569822,309.98131475242906
2017-07-14,Shanghai,121.4737,31.2304,127.21676512228441,0.0,2.5155803286737872,277.8557763154729
2017-07-14,Guangzhou,113.2644,23.1291,48.09798426208545,0.0,2.5396381923429847,334.8516721621103
2017-07-14,Chongqing,106.5516,29.563,74.12354818825406,0.0,1.3760347869158827,4.632582190064227
2017-07-14,Tianjin,117.1902,39.1256,44.358053230553196,0.0,1.012076756561127,9.579639158873505
2017-07-14,Wuhan,114.3055,30.5928,47.13899315333947,0.0,3.257571352811233,264.8645466133555
2017-07-14,Nanjing,118.7969,32.0603,54.67357055977118,0.0,2.1152559743852093,270.7803086695118
2017-07-14,Hangzhou,120.1551,30.2741,49.53623289338793,0.0,1.5372772360714173,256.8717652942014
2017-07-14,Chengdu,104.0668,30.5728,90.99378672772218,0.0,1.4217871614178474,39.89542358095724
2017-07-14,Xi'an,108.9355,34.3416,52.15921561330106,0.0,1.1345849461937358,331.2358640695982
2017-07-14,Shenyang,123.4291,41.7968,53.06396744231279,0.0,2.240436379936744,254.16968058112084
2017-07-14,Almaty,76.8512,43.222,37.33352471613216,0.0,0.8494262584247237,234.7067922491421
2017-07-14,Bishkek,74.5698,42.8746,26.0501931137469,0.0,0.5967126053034932,35.95428698106409
2017-07-14,Dushanbe,68.7864,38.5481,35.76437634933427,0.0,0.4512353700715694,47.486300663337005
2017-07-14,Kathmandu,85.324,27.7172,11.137622379919776,0.0,0.7109133402112949,284.5286663675705
2017-07-14,Yangon,96.1951,16.8409,7.477034102976177,0.0,1.9957324943498038,238.2530655196024
2017-07-14,Guwahati,91.7362,26.1445,12.567594076529076,0.0,0.7419808236480683,243.02268653286197
2017-07-14,Ulaanbaatar,106.9057,47.8864,44.85690041633461,0.0,0.6351208866611769,228.86953065860365
2017-07-14,Irkutsk,104.2964,52.2869,40.937404577334746,0.0,0.37165315017411915,73.78223957339667
2017-07-15,Seoul,126.978,37.5665,44.572640689466425,0.0,1.6807560396092578,219.790716208718
2017-07-15,Tokyo,139.6917,35.6895,23.86489938999148,0.0,2.8193564037707244,261.52783250589886
2017-07-15,Beijing,116.4074,39.9042,100.7655185958356,0.0,1.1967779524638207,61.35671449487897
2017-07-15,Delhi,77.1025,28.7041,38.83745947064199,0.0,3.2173702382643254,342.69701184944245
2017-07-15,Bangkok,100.5018,13.7563,13.335664128533153,0.0,3.257101999966934,197.80341639413348
2017-07-15,Busan,129.0756,35.1796,8.806788187598613,0.0,4.512242290584686,223.7453728197008
2017-07-15,Daegu,128.5911,35.8704,18.62254528361973,0.0,1.9058675775687512,251.67521470054476
2017-07-15,Osaka,135.5023,34.6937,16.121113333156245,0.0,1.6064772300356125,211.9243374528479
2017-07-15,Nagoya,136.9066,35.1802,29.143194524294813,0.0,0.5077411126673143,282.71177645223395
2017-07-15,Sapporo,141.3545,43.0618,14.566973405294448,0.0,1.2795635452990208,266.8952360744366
2017-07-15,Fukuoka,130.4017,33.5904,6.069730495994463,0.0,2.075895757902587,242.75789319738232
2017-07-15,Kyoto,135.7681,35.0116,26.078318171585124,0.0,1.4389841208583396,213.9195867326738
2017-07-15,Shanghai,121.4737,31.2304,57.074320380934296,0.0,4.78932515152605,279.84432452619603
2017-07-15,Guangzhou,113.2644,23.1291,38.81197940813763,0.0,3.4507311129717575,351.6110636873682
2017-07-15,Chongqing,106.5516,29.563,79.17861211126365,0.0,1.4015254943079103,12.710650533233235
2017-07-15,Tianjin,117.1902,39.1256,53.0181978319888,0.0,2.913809190588745,4.304328603773513
2017-07-15,Wuhan,114.3055,30.5928,47.341480069462705,0.0,3.1107638612900654,255.70611312902608
2017-07-15,Nanjing,118.7969,32.0603,50.90436161481193,0.0,2.480153567448594,257.4954546287846
2017-07-15,Hangzhou,120.1551,30.2741,48.003574448785,0.0,1.8570028665045357,271.3306398793517
2017-07-15,Chengdu,104.0668,30.5728,85.86972199964293,0.0,0.9739669860970877,63.0859787613681
2017-07-15,Xi'an,108.9355,34.3416,57.72679756432808,0.0,1.6441645548833834,13.053865105772473
2017-07-15,Shenyang,123.4291,41.7968,54.18389292799475,0.0,1.9811305087214377,228.32632771365886
2017-07-15,Almaty,76.8512,43.222,29.95788861426263,0.0,0.3336889267576078,262.54374609384183
2017-07-15,Bishkek,74.5698,42.8746,24.684453592271893,0.0,0.19166172738179427,72.63528843134664
2017-07-15,Dushanbe,68.7864,38.5481,31.63327377819769,0.0,0.25854305002982175,104.95966367304456
2017-07-15,Kathmandu,85.324,27.7172,9.90057191785354,0.0,0.3441920010186428,296.6020019000845
2017-07-15,Yangon,96.1951,16.8409,10.413224948990774,0.0,1.9577573732651388,246.4287531042549
2017-07-15,Guwahati,91.7362,26.1445,15.009570475399414,0.0,0.30608358654572576,276.2643016847096
2017-07-15,Ulaanbaatar,106.9057,47.8864,60.89568671541201,0.0,1.0464064033429243,193.2664060385204
2017-07-15,Irkutsk,104.2964,52.2869,17.243973360336895,0.0,0.8056637535676928,238.39563017420002
2017-07-16,Seoul,126.978,37.5665,48.0318469442409,0.0,1.4793086659306893,229.406933167955
2017-07-16,Tokyo,139.6917,35.6895,31.24264225107254,0.0,1.4510573970177845,248.88801061768964
2017-07-16,Beijing,116.4074,39.9042,89.55652930353608,0.0,0.8678493157969062,346.18329629918406
2017-07-16,Delhi,77.1025,28.7041,41.58683353239212,0.0,2.3224020409158,341.0534739982329
2017-07-16,Bangkok,100.5018,13.7563,12.406407456921897,0.0,2.783425025249881,209.3981244251308
2017-07-16,Busan,129.0756,35.1796,8.84918271992774,0.0,4.396427042767407,214.2823326936056
2017-07-16,Daegu,128.5911,35.8704,22.495182605553055,0.0,1.5783984593503533,193.5319457450154
2017-07-16,Osaka,135.5023,34.6937,17.811938590739373,0.0,2.3085162290611536,206.00781248739537
2017-07-16,Nagoya,136.9066,35.1802,29.30835663050857,0.0,1.9718832162415567,138.12442218411954
2017-07-16,Sapporo,141.3545,43.0618,8.677498719578125,0.0,1.0757009321480082,133.01563621910043
2017-07-16,Fukuoka,130.4017,33.5904,5.087942067660833,0.0,2.301412316654859,214.84598356459463
2017-07-16,Kyoto,135.7681,35.0116,25.59197120888257,0.0,1.0920974584856369,172.3078628678942
2017-07-16,Shanghai,121.4737,31.2304,46.153189714459586,0.0,4.2885680851937416,274.26820611124447
2017-07-16,Guangzhou,113.2644,23.1291,34.653353964131384,0.0,3.424853922578259,358.20972261943757
2017-07-16,Chongqing,106.5516,29.563,89.19381144778527,0.0,1.3295904458170267,354.4371340732928
2017-07-16,Tianjin,117.1902,39.1256,35.15095059469786,0.0,2.7754249957567323,1.7747585371405705
2017-07-16,Wuhan,114.3055,30.5928,45.508400603466725,0.0,2.136966313949923,287.69071409163945
2017-07-16,Nanjing,118.7969,32.0603,63.72675898091984,0.0,1.637424523946331,261.987976659849
2017-07-16,Hangzhou,120.1551,30.2741,32.98931616768641,0.0,2.1822036541520706,275.9949301987435
2017-07-16,Chengdu,104.0668,30.5728,90.44940441071958,0.0,1.1170244180484428,54.21834171855487
2017-07-16,Xi'an,108.9355,34.3416,56.61934920908607,0.0,2.0914132702146957,9.848569754471697
2017-07-16,Shenyang,123.4291,41.7968,46.066059411487004,0.0,3.632537812933683,228.18505628829342
2017-07-16,Almaty,76.8512,43.222,26.477325221208048,0.0,0.8056080915835231,241.70795175324102
2017-07-16,Bishkek,74.5698,42.8746,19.789494487554293,0.0,0.9736394410728246,231.68565389271416
2017-07-16,Dushanbe,68.7864,38.5481,27.232397670218234,0.0,0.18805027560627138,123.05638140053944
2017-07-16,Kathmandu,85.324,27.7172,12.529361548274665,0.0,0.30634399375916443,273.75552023285815
2017-07-16,Yangon,96.1951,16.8409,10.73068567336577,0.0,1.7313493629957855,247.45359680806882
2017-07-16,Guwahati,91.7362,26.1445,17.525648488003753,0.0,1.0185626776642365,21.10477492825143
2017-07-16,Ulaanbaatar,106.9057,47.8864,170.19783626892604,0.0,1.7207352939242202,61.333892907794194
2017-07-16,Irkutsk,104.2964,52.2869,10.263709881996874,0.0,1.025101601962359,154.25878063621624
2017-07-17,Seoul,126.978,37.5665,48.00071451427357,0.0,2.0223022901818606,221.04956463860165
2017-07-17,Tokyo,139.6917,35.6895,33.85317626225515,0.0,0.7811039625624991,272.72929302193734
2017-07-17,Beijing,116.4074,39.9042,99.80159632050345,0.0,0.83867480732211,305.56849586072235
2017-07-17,Delhi,77.1025,28.7041,46.695209476865784,0.0,2.6031611825850756,349.8704348905898
2017-07-17,Bangkok,100.5018,13.7563,11.929157217593911,0.0,2.9944217694717836,230.72831893856846
2017-07-17,Busan,129.0756,35.1796,12.262773019244833,0.0,4.038793786035514,209.2945775828041
2017-07-17,Daegu,128.5911,35.8704,35.76846907549225,0.0,1.1860909529665506,185.42258225660078
2017-07-17,Osaka,135.5023,34.6937,9.616789142796733,0.0,2.2507038910237833,202.6965187568027
2017-07-17,Nagoya,136.9066,35.1802,18.939564583320134,0.0,2.388685686104817,136.59550541390567
2017-07-17,Sapporo,141.3545,43.0618,5.793057145098146,0.0,0.18921302021209677,188.25474130457263
2017-07-17,Fukuoka,130.4017,33.5904,3.8818428471643074,0.0,2.6804413456969733,206.17348770522176
2017-07-17,Kyoto,135.7681,35.0116,15.752895876630646,0.0,1.060833669697169,166.80673190713657
2017-07-17,Shanghai,121.4737,31.2304,51.560160585495396,0.0,4.049542969756413,277.74099551446267
2017-07-17,Guangzhou,113.2644,23.1291,35.727609315472364,0.0,3.1621673563096846,334.7634346313994
2017-07-17,Chongqing,106.5516,29.563,80.56360911723459,0.0,1.8400240855149321,319.6625725644459
2017-07-17,Tianjin,117.1902,39.1256,39.29383751710702,0.0,1.586299186444476,333.7187619137683
2017-07-17,Wuhan,114.3055,30.5928,46.05984571526278,0.0,2.659725138508228,288.29984680944824
2017-07-17,Nanjing,118.7969,32.0603,74.12445057752848,0.0,1.3385127869589795,269.4253448506801
2017-07-17,Hangzhou,120.1551,30.2741,38.97649136774817,0.0,2.052167944410157,263.8799012193872
2017-07-17,Chengdu,104.0668,30.5728,80.91816283695152,0.0,1.5732007379009105,31.92158248071084
2017-07-17,Xi'an,108.9355,34.3416,44.306403879090794,0.0,1.7921731304809343,358.9519200372172
2017-07-17,Shenyang,123.4291,41.7968,32.79053117921649,0.0,4.559288865936447,243.50236204810986
2017-07-17,Almaty,76.8512,43.222,19.849606402999598,0.0,1.4383838560134818,234.5890754493924
2017-07-17,Bishkek,74.5698,42.8746,14.334809783633773,0.0,1.052227988138748,240.0559000654149
2017-07-17,Dushanbe,68.7864,38.5481,25.829905325736036,0.0,0.34198091605275893,84.05780865674174
2017-07-17,Kathmandu,85.324,27.7172,15.627756866365416,0.0,0.2650145409243477,267.09638686671735
2017-07-17,Yangon,96.1951,16.8409,10.475396550191363,0.0,2.5853472659361265,232.9750385085577
2017-07-17,Guwahati,91.7362,26.1445,21.278571793459378,0.0,1.7706563295764937,21.056071776309295
2017-07-17,Ulaanbaatar,106.9057,47.8864,363.9998737980932,0.0,2.8533714527168645,101.87241737389324
2017-07-17,Irkutsk,104.2964,52.2869,9.040361348411352,0.0,1.4868390999227918,158.70174740699267
2017-07-18,Seoul,126.978,37.5665,60.41235423026592,0.0,1.384100226699086,207.64634456998402
2017-07-18,Tokyo,139.6917,35.6895,24.49922753555711,0.0,1.1859152298784699,26.651338639512375
2017-07-18,Beijing,116.4074,39.9042,95.56605107263749,0.0,1.5237291010846012,283.2406687837666
2017-07-18,Delhi,77.1025,28.7041,65.22623863247645,0.0,1.977937819949429,336.9560334188003
2017-07-18,Bangkok,100.5018,13.7563,14.364271549993646,0.0,2.461919646039319,244.85323561852022
2017-07-18,Busan,129.0756,35.1796,16.45119773741044,0.0,2.7388571045932086,196.9591557152668
2017-07-18,Daegu,128.5911,35.8704,40.27150879437613,0.0,1.5637570649973074,151.40891153877052
2017-07-18,Osaka,135.5023,34.6937,9.596536010292311,0.0,1.6302706017837572,206.37469442285382
2017-07-18,Nagoya,136.9066,35.1802,18.80386868435835,0.0,2.428034772658532,135.97585857207994
2017-07-18,Sapporo,141.3545,43.0618,3.403664905476944,0.0,2.581770455823588,296.80503153508926
2017-07-18,Fukuoka,130.4017,33.5904,4.609025605617489,0.0,2.204119226208298,227.99320456982346
2017-07-18,Kyoto,135.7681,35.0116,15.432854993946421,0.0,1.0146550354898676,190.14835962653657
2017-07-18,Shanghai,121.4737,31.2304,91.52979885129753,0.0,1.3982738522836864,221.19224934052252
2017-07-18,Guangzhou,113.2644,23.1291,45.586681096665416,0.0,2.4693527597679457,320.6330781928769
2017-07-18,Chongqing,106.5516,29.563,46.98000211078579,0.0,1.9162430270874604,314.12700767046823
2017-07-18,Tianjin,117.1902,39.1256,39.46220061834538,0.0,3.014123982137385,246.28631045808652
2017-07-18,Wuhan,114.3055,30.5928,28.004453866969925,0.0,3.3590700270248126,274.752398410499
2017-07-18,Nanjing,118.7969,32.0603,49.10928552703808,0.0,2.5587226186048158,243.6051236933167
2017-07-18,Hangzhou,120.1551,30.2741,40.8905052040609,0.0,1.496381882375992,224.15956838464086
2017-07-18,Chengdu,104.0668,30.5728,82.88632358244286,0.0,1.3970066155308787,49.188563485640486
2017-07-18,Xi'an,108.9355,34.3416,42.225504870430086,0.0,1.3851850419367648,334.1711673415381
2017-07-18,Shenyang,123.4291,41.7968,30.903827052952693,0.0,4.814005699973375,240.39177815110298
2017-07-18,Almaty,76.8512,43.222,17.920980255325958,0.0,1.178117703764185,253.8632860882321
2017-07-18,Bishkek,74.5698,42.8746,8.949828433912899,0.0,1.0993447824510716,263.78472855105286
2017-07-18,Dushanbe,68.7864,38.5481,22.775843433464615,0.0,0.4895018449842586,118.89535121711188
2017-07-18,Kathmandu,85.324,27.7172,17.058265910918635,0.0,0.09980144066706127,230.32086983012863
2017-07-18,Yangon,96.1951,16.8409,11.738533700622611,0.0,2.6451345078988036,251.38419094524218
2017-07-18,Guwahati,91.7362,26.1445,18.273734525564578,0.0,0.19518489751402202,242.78126909256102
2017-07-18,Ulaanbaatar,106.9057,47.8864,226.061061425753,0.0,0.87271357947008,353.75339561887904
2017-07-18,Irkutsk,104.2964,52.2869,9.691355273844238,0.0,0.9720250605210703,317.54271904434154
2017-07-19,Seoul,126.978,37.5665,87.80597937629864,0.0,0.8934254196952236,210.39555561084214
2017-07-19,Tokyo,139.6917,35.6895,17.674173236059687,0.0,4.065448966417523,263.2280734097475
2017-07-19,Beijing,116.4074,39.9042,96.13199125624305,0.0,0.7817823873963904,301.8601333868483
2017-07-19,Delhi,77.1025,28.7041,62.68883367965827,0.0,1.092180240439722,324.001495907188
2017-07-19,Bangkok,100.5018,13.7563,18.854462879858147,0.0,2.176811173429732,216.00330187614355
2017-07-19,Busan,129.0756,35.1796,28.889154179978505,0.0,1.6406575268049215,251.77632194113139
2017-07-19,Daegu,128.5911,35.8704,44.683265087996915,0.0,0.2778627840462764,255.84519399819868
2017-07-19,Osaka,135.5023,34.6937,12.437157970168755,0.0,0.48658914963791694,303.49590130963406
2017-07-19,Nagoya,136.9066,35.1802,22.33060314438262,0.0,1.335832609090346,284.92809765842344
2017-07-19,Sapporo,141.3545,43.0618,3.12908543520507,0.0,3.9731466840729825,292.325967697073
2017-07-19,Fukuoka,130.4017,33.5904,9.130957323577604,0.0,1.303431180412622,228.47580022553439
2017-07-19,Kyoto,135.7681,35.0116,17.831935039680502,0.0,1.1023996441660668,331.4254561572121
2017-07-19,Shanghai,121.4737,31.2304,136.04562809632625,0.0,1.6805655474900913,259.93874877970404
2017-07-19,Guangzhou,113.2644,23.1291,61.02307281707908,0.0,1.47478862489861,338.97359662578486
2017-07-19,Chongqing,106.5516,29.563,50.13209758431003,0.0,1.0852325053500127,327.8425005143885
2017-07-19,Tianjin,117.1902,39.1256,40.89879013235986,0.0,2.536829235062344,263.4118860904711
2017-07-19,Wuhan,114.3055,30.5928,27.375474331847727,0.0,4.013224536028749,270.41453699258
2017-07-19,Nanjing,118.7969,32.0603,44.722749947823104,0.0,2.6357215649057406,243.356855147354
2017-07-19,Hangzhou,120.1551,30.2741,53.31784791451355,0.0,1.5489170279796864,223.6088128084647
2017-07-19,Chengdu,104.0668,30.5728,88.1818777997978,0.0,0.9753483891902903,3.5340824331068177
2017-07-19,Xi'an,108.9355,34.3416,44.64470748644089,0.0,1.3060632112040418,343.43454191145224
2017-07-19,Shenyang,123.4291,41.7968,30.99414414009516,0.0,4.030377575997471,245.78648100386624
2017-07-19,Almaty,76.8512,43.222,15.169229428124709,0.0,1.0507215439432296,215.79544829261258
2017-07-19,Bishkek,74.5698,42.8746,8.220920832968659,0.0,1.313045530539692,264.9154092814604
2017-07-19,Dushanbe,68.7864,38.5481,20.279280477097927,0.0,0.44935289680625046,125.89960231048218
2017-07-19,Kathmandu,85.324,27.7172,14.6805536616057,0.0,0.3188504711778269,247.26880522979945
2017-07-19,Yangon,96.1951,16.8409,12.942217075817553,0.0,1.7025234671446499,245.2225702258222
2017-07-19,Guwahati,91.7362,26.1445,13.025092115981352,0.0,1.3406019761736685,28.063178213658432
2017-07-19,Ulaanbaatar,106.9057,47.8864,153.60718919055216,0.0,0.8140376408313656,293.92788596989675
2017-07-19,Irkutsk,104.2964,52.2869,14.737042697277047,0.0,0.2440516887410214,342.18072411178855
2017-07-20,Seoul,126.978,37.5665,80.97305936871635,0.0,2.02281524284247,235.1482461346809
2017-07-20,Tokyo,139.6917,35.6895,14.491804201099967,0.0,5.005869337882954,267.54039967645883
2017-07-20,Beijing,116.4074,39.9042,87.77581683716562,0.0,0.6255159850026186,336.544438313627
2017-07-20,Delhi,77.1025,28.7041,44.78481585579175,0.0,2.9759379895449216,1.3476580818238801
2017-07-20,Bangkok,100.5018,13.7563,18.198990758833133,0.0,2.3295932566215534,213.53284593028562
2017-07-20,Busan,129.0756,35.1796,27.368189492449346,0.0,2.8372361087914255,238.40276530710045
2017-07-20,Daegu,128.5911,35.8704,46.37757200498527,0.0,1.0741867902600433,235.4449454269884
2017-07-20,Osaka,135.5023,34.6937,8.732913059361636,0.0,1.7042607000551335,358.5458239360996
2017-07-20,Nagoya,136.9066,35.1802,13.127973375048896,0.0,2.4182567443326364,287.75000811493226
2017-07-20,Sapporo,141.3545,43.0618,6.790811912793515,0.0,3.6800058506237967,291.4946315310538
2017-07-20,Fukuoka,130.4017,33.5904,12.040766605991848,0.0,1.0473023862996078,246.66890261638028
2017-07-20,Kyoto,135.7681,35.0116,11.489289519772683,0.0,2.419852877494559,335.99667338764164
2017-07-20,Shanghai,121.4737,31.2304,165.5560453173166,0.0,2.1333282633902826,275.35438952381594
2017-07-20,Guangzhou,113.2644,23.1291,68.45208844197259,0.0,2.038406158836758,339.5000453136279
2017-07-20,Chongqing,106.5516,29.563,49.60986998980843,0.0,1.645568483682072,320.23518375799847
2017-07-20,Tianjin,117.1902,39.1256,39.29408975977822,0.0,2.2971462572114354,266.25176332248157
2017-07-20,Wuhan,114.3055,30.5928,30.053293187393137,0.0,4.483943184569357,253.9404598191444
2017-07-20,Nanjing,118.7969,32.0603,50.846360011291836,0.0,2.9371728778006725,239.55024037842037
2017-07-20,Hangzhou,120.1551,30.2741,62.60277274350301,0.0,1.338657903219899,232.21622729349093
2017-07-20,Chengdu,104.0668,30.5728,97.68999831294423,0.0,0.6402073163785169,18.537276775859198
2017-07-20,Xi'an,108.9355,34.3416,47.04908107555639,0.0,1.0732293231117276,279.87502625341335
2017-07-20,Shenyang,123.4291,41.7968,43.89933394577383,0.0,0.7076161194471549,236.3410724127217
2017-07-20,Almaty,76.8512,43.222,16.332815988562288,0.0,0.6430447211172623,300.6412983107206
2017-07-20,Bishkek,74.5698,42.8746,9.355206387340331,0.0,1.378678204446345,271.28261303182904
2017-07-20,Dushanbe,68.7864,38.5481,19.113150173666327,0.0,0.3838144873765819,113.54854484217962
2017-07-20,Kathmandu,85.324,27.7172,10.078112566702657,0.0,0.40423612770277295,254.99797893173627
2017-07-20,Yangon,96.1951,16.8409,10.999848143455893,0.0,1.6428364880358024,225.63152134018617
2017-07-20,Guwahati,91.7362,26.1445,13.921157560048414,0.0,1.5145724465074872,29.081775094398665
2017-07-20,Ulaanbaatar,106.9057,47.8864,145.20431079745322,0.0,0.8172311095458711,259.3592223231542
2017-07-20,Irkutsk,104.2964,52.2869,10.664085614564556,0.0,1.0806996895889456,284.23390547793883
2017-07-21,Seoul,126.978,37.5665,104.91768875908747,0.0,1.4080547401149732,226.12107922516998
2017-07-21,Tokyo,139.6917,35.6895,10.043137876891706,0.0,5.823581646219707,262.58979568835224
2017-07-21,Beijing,116.4074,39.9042,71.6292092306503,0.0,1.1276451068030744,72.10287375096559
2017-07-21,Delhi,77.1025,28.7041,25.73937862848652,0.0,3.504154680843428,352.5567926694134
2017-07-21,Bangkok,100.5018,13.7563,17.9303913938611,0.0,1.958384086699141,238.56408566652482
2017-07-21,Busan,129.0756,35.1796,26.05369076036368,0.0,3.2013108819789013,213.8791226896759
2017-07-21,Daegu,128.5911,35.8704,54.82137055423664,0.0,1.3416709573327381,187.98085580520558
2017-07-21,Osaka,135.5023,34.6937,5.699264171710183,0.0,0.9614263076677879,340.14502419950236
2017-07-21,Nagoya,136.9066,35.1802,9.42567446315934,0.0,2.294846646128768,288.8668328700633
2017-07-21,Sapporo,141.3545,43.0618,10.07600047842061,0.0,2.368687588181308,277.8954411974804
2017-07-21,Fukuoka,130.4017,33.5904,16.236123556723214,0.0,1.4392621796814447,234.6444726408105
2017-07-21,Kyoto,135.7681,35.0116,8.932770079184138,0.0,2.0281916721347604,334.35947734364913
2017-07-21,Shanghai,121.4737,31.2304,174.6443700767486,0.0,1.9193500956246947,277.65995977021333
2017-07-21,Guangzhou,113.2644,23.1291,64.45134204113856,0.0,1.6012557521100363,337.7275404163221
2017-07-21,Chongqing,106.5516,29.563,41.28311914541882,0.0,2.0581913902168756,317.1514202998519
2017-07-21,Tianjin,117.1902,39.1256,41.515821891380256,0.0,4.095374918408896,37.53544713743062
2017-07-21,Wuhan,114.3055,30.5928,47.43496262449298,0.0,3.7156537707523816,256.7719766590753
2017-07-21,Nanjing,118.7969,32.0603,59.24356116793206,0.0,2.1498590808096423,235.44141184218535
2017-07-21,Hangzhou,120.1551,30.2741,65.02624927406941,0.0,1.15648791197615,263.27046791556427
2017-07-21,Chengdu,104.0668,30.5728,95.22884880652782,0.0,0.9241300131636431,30.931517182470657
2017-07-21,Xi'an,108.9355,34.3416,38.46544771590743,0.0,1.5346594971439995,322.56868836333325
2017-07-21,Shenyang,123.4291,41.7968,42.199001626386234,0.0,3.862082767665814,50.88744021124663
2017-07-21,Almaty,76.8512,43.222,15.616558712849837,0.0,1.037502571077516,279.99048604398894
2017-07-21,Bishkek,74.5698,42.8746,10.23641527098107,0.0,1.4702364420781817,280.58197301719446
2017-07-21,Dushanbe,68.7864,38.5481,17.438114952028627,0.0,0.49246918277708623,134.00098953496428
2017-07-21,Kathmandu,85.324,27.7172,6.9973777883092225,0.0,0.4505858321953805,282.3817796223105
2017-07-21,Yangon,96.1951,16.8409,8.272768248218654,0.0,1.9016190269348212,239.0190780339121
2017-07-21,Guwahati,91.7362,26.1445,15.970345046412149,0.0,0.8433497491179911,60.70179909640967
2017-07-21,Ulaanbaatar,106.9057,47.8864,62.76895447854258,0.0,0.7615915138738595,128.81368184720344
2017-07-21,Irkutsk,104.2964,52.2869,6.645361594337373,0.0,2.0412508247056285,158.80883220010838
2017-07-22,Seoul,126.978,37.5665,93.53568231063036,0.0,1.4890860720222905,242.70921712455458
2017-07-22,Tokyo,139.6917,35.6895,7.314771899302741,0.0,6.657981285316844,260.9271109060662
2017-07-22,Beijing,116.4074,39.9042,118.23774315189439,0.0,0.550879772244594,62.98917422009707
2017-07-22,Delhi,77.1025,28.7041,19.793727545902584,0.0,4.716044073319122,353.97647096622677
2017-07-22,Bangkok,100.5018,13.7563,19.685256091861447,0.0,2.238529792203954,221.99539822853413
2017-07-22,Busan,129.0756,35.1796,26.88770806003049,0.0,3.1901688670550077,226.5741924859173
2017-07-22,Daegu,128.5911,35.8704,47.75964868031224,0.0,0.7339484438022378,236.50063416360695
2017-07-22,Osaka,135.5023,34.6937,8.169672049973542,0.0,1.536983138715551,214.4255552776174
2017-07-22,Nagoya,136.9066,35.1802,9.934058020633074,0.0,2.124078158261724,282.45745640589917
2017-07-22,Sapporo,141.3545,43.0618,9.389933275372186,0.0,1.5173171509832912,138.04328723494504
2017-07-22,Fukuoka,130.4017,33.5904,10.393025995369953,0.0,1.3108490980248018,215.56938222853262
2017-07-22,Kyoto,135.7681,35.0116,14.626474253986999,0.0,0.8529176389161742,262.4657924433619
2017-07-22,Shanghai,121.4737,31.2304,200.41706250140123,0.0,2.10008607047235,291.1922955709609
2017-07-22,Guangzhou,113.2644,23.1291,68.32423338209992,0.0,0.8694095774960244,341.5095712349894
2017-07-22,Chongqing,106.5516,29.563,66.3764652131249,0.0,1.9125900139562377,307.396338757332
2017-07-22,Tianjin,117.1902,39.1256,61.733253176043945,0.0,1.4734653638088102,38.530801577168376
2017-07-22,Wuhan,114.3055,30.5928,56.53167534092063,0.0,2.232801707082988,282.0745049224682
2017-07-22,Nanjing,118.7969,32.0603,72.90591952369141,0.0,0.9883446056904096,265.9312990699376
2017-07-22,Hangzhou,120.1551,30.2741,74.24418413393141,0.0,0.5270756988014617,352.6713718773648
2017-07-22,Chengdu,104.0668,30.5728,93.7629209829538,0.0,0.2827241080635165,37.91532919782409
2017-07-22,Xi'an,108.9355,34.3416,37.92687053305599,0.0,1.562287865081968,303.0307777079321
2017-07-22,Shenyang,123.4291,41.7968,90.2647556699776,0.0,0.48597377902873123,130.40454389057794
2017-07-22,Almaty,76.8512,43.222,15.259344010587483,0.0,1.1535081266228866,278.14948622705344
2017-07-22,Bishkek,74.5698,42.8746,10.120793092482927,0.0,1.6187495747783858,265.7179475668206
2017-07-22,Dushanbe,68.7864,38.5481,16.535953051288743,0.0,0.3880419073017877,131.8323051772878
2017-07-22,Kathmandu,85.324,27.7172,7.654883837915349,0.0,0.26625729201597137,252.37393708254547
2017-07-22,Yangon,96.1951,16.8409,7.8975581629947555,0.0,2.3694882740571686,254.09891142481627
2017-07-22,Guwahati,91.7362,26.1445,14.798956726735923,0.0,1.6184108645660928,26.34326103089606
2017-07-22,Ulaanbaatar,106.9057,47.8864,71.74066496418163,0.0,1.5306553817852797,75.8663373821792
2017-07-22,Irkutsk,104.2964,52.2869,6.661230234072946,0.0,1.010832591199335,127.60595268030312
2017-07-23,Seoul,126.978,37.5665,108.07414696500928,0.0,1.949880757794467,211.61771506836
2017-07-23,Tokyo,139.6917,35.6895,6.127306662051524,0.0,7.450624471360136,253.49668763617876
2017-07-23,Beijing,116.4074,39.9042,129.53312023000763,0.0,0.191392725808487,241.82077175872615
2017-07-23,Delhi,77.1025,28.7041,24.35931811817227,0.0,4.943109146104076,351.7536148680497
2017-07-23,Bangkok,100.5018,13.7563,20.568871050841153,0.0,2.3065788086021843,201.98804681706923
2017-07-23,Busan,129.0756,35.1796,34.89333977313436,0.0,3.251380386812032,214.52954393017185
2017-07-23,Daegu,128.5911,35.8704,48.941693364668026,0.0,1.2456387303798606,192.3166733988942
2017-07-23,Osaka,135.5023,34.6937,12.58378201640653,0.0,1.6342877700777603,228.28712819501544
2017-07-23,Nagoya,136.9066,35.1802,13.926997333157942,0.0,1.1314045103270758,295.94429634573106
2017-07-23,Sapporo,141.3545,43.0618,5.985389517348949,0.0,1.4370612051299432,133.25994127179646
2017-07-23,Fukuoka,130.4017,33.5904,9.300281433866076,0.0,1.7613473960080652,216.8749274376562
2017-07-23,Kyoto,135.7681,35.0116,25.926579994006715,0.0,1.1192170092856117,240.69205726329423
2017-07-23,Shanghai,121.4737,31.2304,244.94426043020212,0.0,2.2900966769990556,296.0562298292199
2017-07-23,Guangzhou,113.2644,23.1291,62.482271800945455,0.0,2.3757075795564986,13.968782681579512
2017-07-23,Chongqing,106.5516,29.563,98.56609750613643,0.0,1.2657915203325216,310.79297539768885
2017-07-23,Tianjin,117.1902,39.1256,53.120871257306135,0.0,0.9103385818549368,299.4471803281506
2017-07-23,Wuhan,114.3055,30.5928,56.70505132115977,0.0,2.1676864772579174,276.84661934197703
2017-07-23,Nanjing,118.7969,32.0603,77.69398990831178,0.0,1.1152646748315023,263.89231815403895
2017-07-23,Hangzhou,120.1551,30.2741,76.72936419567122,0.0,0.8334316644977796,355.042107901366
2017-07-23,Chengdu,104.0668,30.5728,88.86649993655737,0.0,0.12676116660472425,209.0177740985999
2017-07-23,Xi'an,108.9355,34.3416,41.40314402434342,0.0,1.4907177619735832,268.027158265195
2017-07-23,Shenyang,123.4291,41.7968,108.7509176045387,0.0,0.888069258919245,126.22322414638488
2017-07-23,Almaty,76.8512,43.222,15.837720468425687,0.0,1.075415261492247,289.5148675086531
2017-07-23,Bishkek,74.5698,42.8746,9.683488677580954,0.0,1.8968102275324887,266.03024705966936
2017-07-23,Dushanbe,68.7864,38.5481,17.50296618752145,0.0,0.666287465632052,98.49959961556206
2017-07-23,Kathmandu,85.324,27.7172,9.748387874708442,0.0,0.42479062695896536,220.7541861490663
2017-07-23,Yangon,96.1951,16.8409,8.814991403482964,0.0,1.5369446366208717,255.0484909401243
2017-07-23,Guwahati,91.7362,26.1445,12.607323185420682,0.0,2.606453842323782,15.983764882084557
2017-07-23,Ulaanbaatar,106.9057,47.8864,22.82188127367135,0.0,1.0894189608080893,54.40453529709583
2017-07-23,Irkutsk,104.2964,52.2869,6.437355537514122,0.0,0.9399499660887297,349.23631727718714
2017-07-24,Seoul,126.978,37.5665,146.67610059859726,0.0,0.7865664255809591,195.3752532198764
2017-07-24,Tokyo,139.6917,35.6895,10.318276011389571,0.0,6.977151074869257,252.9011951830292
2017-07-24,Beijing,116.4074,39.9042,113.58684304241251,0.0,1.277599441665933,93.5310676216165
2017-07-24,Delhi,77.1025,28.7041,33.12371887886911,0.0,4.074737781691147,335.2938283037329
2017-07-24,Bangkok,100.5018,13.7563,16.7887286295354,0.0,2.6860756164289636,205.1725287645801
2017-07-24,Busan,129.0756,35.1796,41.88462199294918,0.0,2.1634744965402977,220.73774298490355
2017-07-24,Daegu,128.5911,35.8704,46.366654515850314,0.0,0.7106120187661665,122.2568590708675
2017-07-24,Osaka,135.5023,34.6937,20.262884703470263,0.0,2.606863194678893,220.2647316823399
2017-07-24,Nagoya,136.9066,35.1802,21.09120167403944,0.0,1.1960418396735215,280.2554046087881
2017-07-24,Sapporo,141.3545,43.0618,8.147866381591484,0.0,0.2694428315620492,111.46192075867788
2017-07-24,Fukuoka,130.4017,33.5904,14.700146877544285,0.0,1.8272499490215846,246.2306640545233
2017-07-24,Kyoto,135.7681,35.0116,37.791732410141776,0.0,1.9927748195243302,216.3534585785998
2017-07-24,Shanghai,121.4737,31.2304,309.27887451071,0.0,1.9612627533426903,290.0238075959561
2017-07-24,Guangzhou,113.2644,23.1291,62.881433393613406,0.0,2.0899992385691357,349.75060788196913
2017-07-24,Chongqing,106.5516,29.563,125.14126979112916,0.0,0.9936709792706204,332.3326723874575
2017-07-24,Tianjin,117.1902,39.1256,65.57859677513989,0.0,2.0227325108828618,52.41969466434183
2017-07-24,Wuhan,114.3055,30.5928,58.78316144958262,0.0,1.7148089070877226,269.64269052249006
2017-07-24,Nanjing,118.7969,32.0603,78.71292950767383,0.0,1.374803385214599,209.3378813046556
2017-07-24,Hangzhou,120.1551,30.2741,81.73228138730337,0.0,0.710116533227857,90.89898594096954
2017-07-24,Chengdu,104.0668,30.5728,110.7541933720313,0.0,0.4153401157305524,201.4897448267886
2017-07-24,Xi'an,108.9355,34.3416,44.776914620570096,0.0,1.1320591355042398,259.05407432246216
2017-07-24,Shenyang,123.4291,41.7968,50.09410131151526,0.0,3.0871975462386487,73.38365991450823
2017-07-24,Almaty,76.8512,43.222,16.977532268924733,0.0,1.4613984560584607,278.4621990632364
2017-07-24,Bishkek,74.5698,42.8746,10.084599821880147,0.0,2.298174196921594,279.87389007498876
2017-07-24,Dushanbe,68.7864,38.5481,17.714816280545165,0.0,0.6863148377099121,110.00000731897846
2017-07-24,Kathmandu,85.324,27.7172,10.555468499262588,0.0,0.7515222834856237,201.71442157133487
2017-07-24,Yangon,96.1951,16.8409,12.020017869929234,0.0,1.2315063441531215,231.9747461708365
2017-07-24,Guwahati,91.7362,26.1445,12.192190368409683,0.0,3.678250428072874,18.840797794395712
2017-07-24,Ulaanbaatar,106.9057,47.8864,37.17023489002713,0.0,1.3406457493997355,317.87350458536946
2017-07-24,Irkutsk,104.2964,52.2869,5.931766189348764,0.0,1.089974550293921,332.2722134369196
2017-07-25,Seoul,126.978,37.5665,125.04499125043367,0.0,1.8648035153177582,13.155619730634385
2017-07-25,Tokyo,139.6917,35.6895,11.109498210259972,0.0,3.445667772945786,251.37383233142333
2017-07-25,Beijing,116.4074,39.9042,106.77337769493533,0.0,0.9162080507142271,288.9029044751286
2017-07-25,Delhi,77.1025,28.7041,38.90441746534634,0.0,2.9750837286005054,345.09517945247865
2017-07-25,Bangkok,100.5018,13.7563,16.151590287449835,0.0,3.1873617729293526,191.57567451809393
2017-07-25,Busan,129.0756,35.1796,27.107471822773732,0.0,3.8712535910690495,45.21120842033065
2017-07-25,Daegu,128.5911,35.8704,24.776763751788167,0.0,2.0529542605955835,23.918446813809226
2017-07-25,Osaka,135.5023,34.6937,30.716275745135135,0.0,1.8453382167934849,204.13899409437713
2017-07-25,Nagoya,136.9066,35.1802,24.87114514337918,0.0,0.6201834520705258,287.3597117690734
2017-07-25,Sapporo,141.3545,43.0618,9.698500669230725,0.0,0.9312986816735709,181.10249033723198
2017-07-25,Fukuoka,130.4017,33.5904,19.508945570123615,0.0,0.6301072015241872,139.01857583481862
2017-07-25,Kyoto,135.7681,35.0116,43.38380676927045,0.0,1.0991267629218442,194.10834419928807
2017-07-25,Shanghai,121.4737,31.2304,292.60175438139413,0.0,1.5630459576729865,14.163888178236988
2017-07-25,Guangzhou,113.2644,23.1291,74.80733188458544,0.0,1.3027561199495699,320.7168395093521
2017-07-25,Chongqing,106.5516,29.563,93.8863635724374,0.0,1.5926169159213175,315.2476631858168
2017-07-25,Tianjin,117.1902,39.1256,33.01736484218054,0.0,2.8459602885736377,348.95012986176846
2017-07-25,Wuhan,114.3055,30.5928,57.938269293345,0.0,1.590121520534757,326.7943057175693
2017-07-25,Nanjing,118.7969,32.0603,67.7874112398058,0.0,1.4749410594564545,23.2893796984186
2017-07-25,Hangzhou,120.1551,30.2741,85.11388216447813,0.0,1.8353029699783976,54.08954910124575
2017-07-25,Chengdu,104.0668,30.5728,114.95162510755108,0.0,0.3244766768613085,193.8239084310739
2017-07-25,Xi'an,108.9355,34.3416,37.14113461228408,0.0,2.5961060990554397,326.410841651561
2017-07-25,Shenyang,123.4291,41.7968,39.585806632658205,0.0,3.0844792002330843,40.850563510657565
2017-07-25,Almaty,76.8512,43.222,16.602117014485884,0.0,1.4447940603451914,295.14897993896426
2017-07-25,Bishkek,74.5698,42.8746,9.830923630715915,0.0,2.093772791246987,272.34746947289204
2017-07-25,Dushanbe,68.7864,38.5481,18.11814165364467,0.0,0.5366929916394654,111.95027958762907
2017-07-25,Kathmandu,85.324,27.7172,10.133041961069011,0.0,0.688538597302727,214.39292111303098
2017-07-25,Yangon,96.1951,16.8409,15.680017284580572,0.0,1.6286722496584591,203.53270266792634
2017-07-25,Guwahati,91.7362,26.1445,16.732487395643147,0.0,1.7018718926862628,26.84233158508104
2017-07-25,Ulaanbaatar,106.9057,47.8864,33.20234043258097,0.0,1.7892388231241694,131.49549377189012
2017-07-25,Irkutsk,104.2964,52.2869,8.751239732873728,0.0,0.7126281284769113,284.3466335625974
2017-07-26,Seoul,126.978,37.5665,84.04246187865283,0.0,1.7258233078927638,311.1554141435233
2017-07-26,Tokyo,139.6917,35.6895,12.32178270527129,0.0,4.138145106144146,77.05007115999504
2017-07-26,Beijing,116.4074,39.9042,92.77494683601617,0.0,1.241107037380433,81.57729038344048
2017-07-26,Delhi,77.1025,28.7041,44.61425007207254,0.0,2.9299612767978442,348.9789240201306
2017-07-26,Bangkok,100.5018,13.7563,14.67282384481905,0.0,3.010278250120263,193.44752076509553
2017-07-26,Busan,129.0756,35.1796,10.593070420839013,0.0,5.106832485353527,38.6485812914828
2017-07-26,Daegu,128.5911,35.8704,23.446187213949088,0.0,2.074993755311555,17.2597853858812
2017-07-26,Osaka,135.5023,34.6937,15.967797750704449,0.0,2.4078137706256397,70.57612402051795
2017-07-26,Nagoya,136.9066,35.1802,17.45060629332329,0.0,0.7911673631148014,229.14016705824065
2017-07-26,Sapporo,141.3545,43.0618,10.424713536849595,0.0,0.7012057951386584,128.3667488286481
2017-07-26,Fukuoka,130.4017,33.5904,13.004893162360531,0.0,1.956995950458062,71.86279864090923
2017-07-26,Kyoto,135.7681,35.0116,12.909991298215573,0.0,1.7459947170278722,86.84356127692278
2017-07-26,Shanghai,121.4737,31.2304,238.99940515548224,0.0,2.061549059336177,329.68450894276896
2017-07-26,Guangzhou,113.2644,23.1291,82.85372388172618,0.0,1.0654958172072333,343.12215214410776
2017-07-26,Chongqing,106.5516,29.563,59.37304337066962,0.0,2.1202384716687424,329.5494520741993
2017-07-26,Tianjin,117.1902,39.1256,41.943483353179545,0.0,2.071041986162552,29.66326559251175
2017-07-26,Wuhan,114.3055,30.5928,53.7085469431986,0.0,2.28587929813654,302.06138046641377
2017-07-26,Nanjing,118.7969,32.0603,78.10541546859895,0.0,2.288121111854606,339.193624197218
2017-07-26,Hangzhou,120.1551,30.2741,98.7136772323538,0.0,1.981496780435491,10.17958958793858
2017-07-26,Chengdu,104.0668,30.5728,90.01638545669266,0.0,0.46704646244627146,93.08786748191675
2017-07-26,Xi'an,108.9355,34.3416,44.975394075663644,0.0,1.3222079620322935,318.38225213676634
2017-07-26,Shenyang,123.4291,41.7968,74.24501546893225,0.0,2.570366382314425,249.09864215410056
2017-07-26,Almaty,76.8512,43.222,21.347656087300493,0.0,1.7934102773154783,282.64672211551317
2017-07-26,Bishkek,74.5698,42.8746,7.762592346693964,0.0,2.254649356878586,272.25031709597624
2017-07-26,Dushanbe,68.7864,38.5481,17.661680118408185,0.0,0.8249874072176573,99.9902410731755
2017-07-26,Kathmandu,85.324,27.7172,9.260616273820688,0.0,0.5756239104190316,306.2285154684264
2017-07-26,Yangon,96.1951,16.8409,12.191361697944103,0.0,2.1345391455214178,195.6515105061737
2017-07-26,Guwahati,91.7362,26.1445,20.349421703258486,0.0,0.8339910782653192,217.12832812754777
2017-07-26,Ulaanbaatar,106.9057,47.8864,14.877116427669534,0.0,1.5536365860526575,101.49386856003713
2017-07-26,Irkutsk,104.2964,52.2869,6.564815357990028,0.0,1.8327983457360373,308.1479388383088
2017-07-27,Seoul,126.978,37.5665,109.84165754734931,0.0,0.35578629258120875,292.5553147430754
2017-07-27,Tokyo,139.6917,35.6895,14.164490913515237,0.0,3.0959639025311643,80.92499303477727
2017-07-27,Beijing,116.4074,39.9042,140.14572968790162,0.0,0.2794084554479551,204.5678338420865
2017-07-27,Delhi,77.1025,28.7041,34.087936029436605,0.0,2.6206528611591304,355.24936525021775
2017-07-27,Bangkok,100.5018,13.7563,13.597865056169667,0.0,3.3534559190856745,217.06242626275076
2017-07-27,Busan,129.0756,35.1796,11.082294193442976,0.0,2.0233856091240727,22.18659514130772
2017-07-27,Daegu,128.5911,35.8704,38.245669742309474,0.0,0.8925763323982586,324.20199174500215
2017-07-27,Osaka,135.5023,34.6937,8.15768075312917,0.0,0.49228828164397137,306.5911133039808
2017-07-27,Nagoya,136.9066,35.1802,10.856751053722746,0.0,0.9990817846528519,274.8921013345281
2017-07-27,Sapporo,141.3545,43.0618,8.430512288271075,0.0,2.400183138679118,298.95612968180166
2017-07-27,Fukuoka,130.4017,33.5904,16.51010883563231,0.0,0.26414993892743854,135.66205400180036
2017-07-27,Kyoto,135.7681,35.0116,10.573154796134077,0.0,1.5958298754732494,331.336557493133
2017-07-27,Shanghai,121.4737,31.2304,168.71490515768528,0.0,3.7185330201459488,307.2965682777143
2017-07-27,Guangzhou,113.2644,23.1291,81.60389342037888,0.0,1.103905806449076,20.218486389672364
2017-07-27,Chongqing,106.5516,29.563,67.45824521203758,0.0,1.6493124410802305,327.9508099275556
2017-07-27,Tianjin,117.1902,39.1256,81.38976426153022,0.0,1.382124147986483,98.91200841475126
2017-07-27,Wuhan,114.3055,30.5928,59.766300353203405,0.0,1.803837788989011,341.7321905492888
2017-07-27,Nanjing,118.7969,32.0603,84.192421923035,0.0,2.158881133659448,349.142651232763
2017-07-27,Hangzhou,120.1551,30.2741,74.91969000739118,0.0,2.1972788088710455,3.0083448781687707
2017-07-27,Chengdu,104.0668,30.5728,78.60256800995558,0.0,1.4296906938329972,120.30750130991834
2017-07-27,Xi'an,108.9355,34.3416,43.71425177396304,0.0,0.3011253834117314,68.74419346076465
2017-07-27,Shenyang,123.4291,41.7968,77.83333444422169,0.0,1.040008191017142,150.13091121738796
2017-07-27,Almaty,76.8512,43.222,24.768057826918266,0.0,1.7800331418991666,281.982033664833
2017-07-27,Bishkek,74.5698,42.8746,11.517631293145314,0.0,1.870769336730803,269.4602663058577
2017-07-27,Dushanbe,68.7864,38.5481,16.053883555855464,0.0,0.720837544761046,92.21955609995705
2017-07-27,Kathmandu,85.324,27.7172,12.260364279370606,0.0,0.7736274654009512,311.26596591429455
2017-07-27,Yangon,96.1951,16.8409,12.64435400827324,0.0,2.574620773043046,196.53233409075082
2017-07-27,Guwahati,91.7362,26.1445,18.22832373932215,0.0,0.9210648351034069,225.6692125665303
2017-07-27,Ulaanbaatar,106.9057,47.8864,14.962605376922511,0.0,1.901675286907379,304.801912974753
2017-07-27,Irkutsk,104.2964,52.2869,6.534859320339592,0.0,1.386553350781003,286.59264505801343
2017-07-28,Seoul,126.978,37.5665,107.17518961200767,0.0,0.8542066964822597,341.5478840785979
2017-07-28,Tokyo,139.6917,35.6895,13.356184602741905,0.0,1.6472595064731703,349.88396859826275
2017-07-28,Beijing,116.4074,39.9042,140.99541090217826,0.0,0.6364250430788374,228.67876234925643
2017-07-28,Delhi,77.1025,28.7041,32.03196996537372,0.0,3.7274280048069186,354.81688849531156
2017-07-28,Bangkok,100.5018,13.7563,15.205097625425879,0.0,3.2748425225539233,214.30907419879043
2017-07-28,Busan,129.0756,35.1796,16.04329291637896,0.0,1.2994498917734705,331.07587084274917
2017-07-28,Daegu,128.5911,35.8704,43.50980375988911,0.0,0.45560371578756803,59.38805765402236
2017-07-28,Osaka,135.5023,34.6937,10.993684185223174,0.0,0.8883572004961079,169.46568956549837
2017-07-28,Nagoya,136.9066,35.1802,13.228999229397687,0.0,1.3255810961402905,265.91042041638326
2017-07-28,Sapporo,141.3545,43.0618,8.534177808883214,0.0,0.5824212608364885,290.8807344818871
2017-07-28,Fukuoka,130.4017,33.5904,12.207785005102778,0.0,0.6795440605162315,121.36860800136776
2017-07-28,Kyoto,135.7681,35.0116,16.586270135121595,0.0,0.5700276491590343,175.07593189174506
2017-07-28,Shanghai,121.4737,31.2304,152.58197549883334,0.0,3.3465335642226943,325.59227080144206
2017-07-28,Guangzhou,113.2644,23.1291,85.77402610399076,0.0,0.50452313963105,59.39990970864058
2017-07-28,Chongqing,106.5516,29.563,97.92616850745617,0.0,1.1756057758782748,327.495205795797
2017-07-28,Tianjin,117.1902,39.1256,88.91124991805555,0.0,0.9354038564138412,211.83993777585331
2017-07-28,Wuhan,114.3055,30.5928,74.88819164791494,0.0,3.6074511193867846,60.8239351857424
2017-07-28,Nanjing,118.7969,32.0603,73.68085874759345,0.0,2.897512155844244,18.668450272059744
2017-07-28,Hangzhou,120.1551,30.2741,54.142432759363146,0.0,2.7109769252929365,1.8642969700139531
2017-07-28,Chengdu,104.0668,30.5728,99.39782330548042,0.0,1.1085221177436968,95.98651632421728
2017-07-28,Xi'an,108.9355,34.3416,46.48351037417342,0.0,0.9960805138332778,28.408894881006773
2017-07-28,Shenyang,123.4291,41.7968,51.14866752364833,0.0,3.5940520803218727,64.29948648720459
2017-07-28,Almaty,76.8512,43.222,29.37852450202172,0.0,1.4615239932670576,257.787195790836
2017-07-28,Bishkek,74.5698,42.8746,24.25734102473598,0.0,1.2112659594856252,261.90595128912184
2017-07-28,Dushanbe,68.7864,38.5481,18.235212451145344,0.0,0.6805347947394972,72.80703488151528
2017-07-28,Kathmandu,85.324,27.7172,14.240769452555924,0.0,0.6368727088270795,282.6051475244385
2017-07-28,Yangon,96.1951,16.8409,12.442168184634284,0.0,2.714268767920842,195.3887565413876
2017-07-28,Guwahati,91.7362,26.1445,22.872900018455766,0.0,0.809504452252058,226.67876558997503
2017-07-28,Ulaanbaatar,106.9057,47.8864,46.17684012941936,0.0,1.3840568067387948,296.6779532702092
2017-07-28,Irkutsk,104.2964,52.2869,7.37122674010493,0.0,0.9336306793446258,289.2235039837705
2017-07-29,Seoul,126.978,37.5665,58.25150850569116,0.0,2.3533386133687397,329.3561562351323
2017-07-29,Tokyo,139.6917,35.6895,13.477032823061563,0.0,1.5613141716079197,17.775509717591433
2017-07-29,Beijing,116.4074,39.9042,94.30190317516463,0.0,2.2758508621138516,246.41908933103804
2017-07-29,Delhi,77.1025,28.7041,31.54432803853524,0.0,4.219583549185829,329.96772316743227
2017-07-29,Bangkok,100.5018,13.7563,18.152690017814166,0.0,2.7551932860031756,210.83898794487044
2017-07-29,Busan,129.0756,35.1796,14.449669905047813,0.0,3.800919400914114,27.066304269381845
2017-07-29,Daegu,128.5911,35.8704,31.515369869339338,0.0,1.8468980312839238,4.013883715388033
2017-07-29,Osaka,135.5023,34.6937,12.094247381355672,0.0,0.7791542187991642,96.20886006228656
2017-07-29,Nagoya,136.9066,35.1802,13.868545423179057,0.0,1.1353424964170533,260.94987775754043
2017-07-29,Sapporo,141.3545,43.0618,11.014468448422576,0.0,0.3759065852265423,359.5793385563134
2017-07-29,Fukuoka,130.4017,33.5904,11.479932560121142,0.0,1.5064443255490096,81.76001826821943
2017-07-29,Kyoto,135.7681,35.0116,14.411956072990506,0.0,0.9906526530322428,96.77694629058384
2017-07-29,Shanghai,121.4737,31.2304,87.5820589385512,0.0,3.773140203000276,343.5216164463133
2017-07-29,Guangzhou,113.2644,23.1291,77.67698662064504,0.0,1.7349108845695562,154.50089471087594
2017-07-29,Chongqing,106.5516,29.563,112.56910426027389,0.0,0.6121304603533678,338.6992763369951
2017-07-29,Tianjin,117.1902,39.1256,56.27241250749648,0.0,2.9054621103886773,232.77200114664336
2017-07-29,Wuhan,114.3055,30.5928,72.58157097567164,0.0,3.9304120973110726,69.78207224812664
2017-07-29,Nanjing,118.7969,32.0603,59.8944538410251,0.0,3.157263879594862,8.06213930711698
2017-07-29,Hangzhou,120.1551,30.2741,48.92676486178971,0.0,3.537506435950012,5.9076996675038345
2017-07-29,Chengdu,104.0668,30.5728,109.00001967684148,0.0,1.1407004606186784,105.83378365763774
2017-07-29,Xi'an,108.9355,34.3416,56.897498268426716,0.0,1.4165938289180475,30.059059542411887
2017-07-29,Shenyang,123.4291,41.7968,83.47849700385268,0.0,0.5485580387610863,260.25471448925396
2017-07-29,Almaty,76.8512,43.222,35.40640136634465,0.0,1.132099895426857,258.57132299495925
2017-07-29,Bishkek,74.5698,42.8746,26.516156381717337,0.0,1.713035803079391,267.32887379164185
2017-07-29,Dushanbe,68.7864,38.5481,24.247986729619697,0.0,0.45841875674955895,112.12958211648754
2017-07-29,Kathmandu,85.324,27.7172,12.831580242789187,0.0,0.5111446027528116,269.8176990408641
2017-07-29,Yangon,96.1951,16.8409,14.663292802197248,0.0,2.3996487667952127,197.4297970108209
2017-07-29,Guwahati,91.7362,26.1445,24.113173680007094,0.0,0.8909325591834264,200.25948312330178
2017-07-29,Ulaanbaatar,106.9057,47.8864,29.039251003837308,0.0,1.0492537305672165,344.9590520950862
2017-07-29,Irkutsk,104.2964,52.2869,12.38516489365793,0.0,1.789735994242068,318.1113563108172
2017-07-30,Seoul,126.978,37.5665,116.16320705343242,0.0,0.8794863073526213,212.7746189954966
2017-07-30,Tokyo,139.6917,35.6895,15.66983520717713,0.0,1.815641930068275,27.6965373139424
2017-07-30,Beijing,116.4074,39.9042,122.20758094372286,0.0,1.1066395243230087,292.10570247236524
2017-07-30,Delhi,77.1025,28.7041,32.855638210094185,0.0,2.3115298166256553,292.1370016163556
2017-07-30,Bangkok,100.5018,13.7563,18.85866218742649,0.0,2.779056170867759,215.09365631953955
2017-07-30,Busan,129.0756,35.1796,14.497524070122836,0.0,1.609686832224964,342.98266703597517
2017-07-30,Daegu,128.5911,35.8704,43.089624313097374,0.0,0.5414098017385093,250.43659755858312
2017-07-30,Osaka,135.5023,34.6937,9.822807456316696,0.0,0.8621438544499945,193.2924020440008
2017-07-30,Nagoya,136.9066,35.1802,8.981419163944793,0.0,1.1644985239607366,277.5809856208375
2017-07-30,Sapporo,141.3545,43.0618,9.986945492812538,0.0,1.5420586574002348,313.50747096840655
2017-07-30,Fukuoka,130.4017,33.5904,14.07660565888591,0.0,1.0563182945303564,55.613357124970406
2017-07-30,Kyoto,135.7681,35.0116,14.464701436622818,0.0,0.33173615875477336,327.665652375636
2017-07-30,Shanghai,121.4737,31.2304,99.65300051817394,0.0,4.945677335365066,327.69847633352776
2017-07-30,Guangzhou,113.2644,23.1291,57.038452183633126,0.0,2.801999556004906,171.8204062952689
2017-07-30,Chongqing,106.5516,29.563,107.69826275236483,0.0,0.4471833319991351,256.372107912144
2017-07-30,Tianjin,117.1902,39.1256,45.828009831438976,0.0,1.6350822270680263,305.9509489485486
2017-07-30,Wuhan,114.3055,30.5928,57.447479662187106,0.0,4.559354579990743,74.92071701027545
2017-07-30,Nanjing,118.7969,32.0603,52.08936570966216,0.0,3.8886593022494607,356.875152949351
2017-07-30,Hangzhou,120.1551,30.2741,26.34682516600151,0.0,3.551527587635901,0.3626403711984665
2017-07-30,Chengdu,104.0668,30.5728,123.98753312936606,0.0,0.3353411070327307,242.14690527725105
2017-07-30,Xi'an,108.9355,34.3416,67.06756039420725,0.0,0.9735581032375139,41.53989563136446
2017-07-30,Shenyang,123.4291,41.7968,41.019720953272554,0.0,2.6155055576489716,248.4576520641969
2017-07-30,Almaty,76.8512,43.222,28.604247859220777,0.0,0.5796268428735163,264.9479917631639
2017-07-30,Bishkek,74.5698,42.8746,23.758911282811823,0.0,1.7317159679077916,243.61903792533923
2017-07-30,Dushanbe,68.7864,38.5481,21.955955276098393,0.0,0.4904767640642783,112.31262876560523
2017-07-30,Kathmandu,85.324,27.7172,12.98771579172353,0.0,0.41435784078608384,268.9567599770851
2017-07-30,Yangon,96.1951,16.8409,17.60891699120748,0.0,2.0660317142554816,202.43027216229376
2017-07-30,Guwahati,91.7362,26.1445,23.439437057959367,0.0,1.6875313845689555,198.14936293410798
2017-07-30,Ulaanbaatar,106.9057,47.8864,26.22529216012026,0.0,0.94328016512816,311.64437277711966
2017-07-30,Irkutsk,104.2964,52.2869,16.462168517250575,0.0,1.6885350965972348,149.92709696745072
2017-07-31,Seoul,126.978,37.5665,118.12815614575811,0.0,0.9545998350785225,344.13807296114567
2017-07-31,Tokyo,139.6917,35.6895,13.628385531205822,0.0,2.6964415453620147,249.11219465241734
2017-07-31,Beijing,116.4074,39.9042,106.71659822492074,0.0,0.9184574417498765,332.9952191939618
2017-07-31,Delhi,77.1025,28.7041,41.82157908871886,0.0,1.0057662406324157,211.85869918409782
2017-07-31,Bangkok,100.5018,13.7563,19.757145253151975,0.0,2.743293177214854,218.46551336366608
2017-07-31,Busan,129.0756,35.1796,14.311496876473484,0.0,1.8842070303113667,24.618960843441073
2017-07-31,Daegu,128.5911,35.8704,53.537810629222804,0.0,0.38012968774727807,340.79115490755294
2017-07-31,Osaka,135.5023,34.6937,13.905633089450475,0.0,0.8180037164737731,155.15764008076314
2017-07-31,Nagoya,136.9066,35.1802,13.075503346726691,0.0,0.8066204730497339,250.74564407795782
2017-07-31,Sapporo,141.3545,43.0618,7.26892590563466,0.0,0.21210449875120696,145.3284496920242
2017-07-31,Fukuoka,130.4017,33.5904,14.16492789729773,0.0,0.5637383666740614,27.248882483734178
2017-07-31,Kyoto,135.7681,35.0116,14.892377109276822,0.0,0.7814921378650418,163.91474152681104
2017-07-31,Shanghai,121.4737,31.2304,79.49488889380518,0.0,7.812873965859123,313.180607148346
2017-07-31,Guangzhou,113.2644,23.1291,52.17606613427961,0.0,1.8373958434351638,211.90236029024453
2017-07-31,Chongqing,106.5516,29.563,102.68615113773194,0.0,1.2571745499032545,7.724633841961236
2017-07-31,Tianjin,117.1902,39.1256,33.38016085763229,0.0,2.2279611184230945,342.98957496702667
2017-07-31,Wuhan,114.3055,30.5928,38.09474335980667,0.0,4.943658242373118,82.89859850417133
2017-07-31,Nanjing,118.7969,32.0603,37.773048688904964,0.0,5.262386657371556,357.5787406199985
2017-07-31,Hangzhou,120.1551,30.2741,18.476534080491547,0.0,5.3367187326145675,336.2078337178133
2017-07-31,Chengdu,104.0668,30.5728,99.66370839720184,0.0,1.1206603340806471,89.96681183610306
2017-07-31,Xi'an,108.9355,34.3416,68.54233447484148,0.0,2.1911056618115605,32.437579421737894
2017-07-31,Shenyang,123.4291,41.7968,59.75553563075664,0.0,2.7649782412552066,257.7688715707522
2017-07-31,Almaty,76.8512,43.222,21.84235192714823,0.0,0.6178969097927323,284.2811777989285
2017-07-31,Bishkek,74.5698,42.8746,22.038765479237554,0.0,1.3554493420285814,247.9919659630596
2017-07-31,Dushanbe,68.7864,38.5481,21.59231371479109,0.0,0.3790512275190536,103.50867778193842
2017-07-31,Kathmandu,85.324,27.7172,13.569310119976308,0.0,0.5051290872927099,251.89857542223086
2017-07-31,Yangon,96.1951,16.8409,13.802629261761012,0.0,1.834680699405591,231.8104111582058
2017-07-31,Guwahati,91.7362,26.1445,20.47152314332834,0.0,1.5669880498429267,186.34978021908495
2017-07-31,Ulaanbaatar,106.9057,47.8864,47.4001353722997,0.0,0.7418578119682443,318.83341563870795
2017-07-31,Irkutsk,104.2964,52.2869,10.269255668049482,0.0,0.41246909376686414,184.74854045808542
